"file","qid","new_label"
"AMS35_CLEAN_NOM_nocounts.sav","S35.Q26.2","WHICH BRANCH OF SERVICE DO YOU LIKE MOST? E. LIKES SECOND BEST:"
"AMS35_CLEAN_NOM_nocounts.sav","S35.Q48G.2","LAST NIGHT (SATURDAY NIGHT) AFTER SUPPER DID YOU READ OR LOOK THROUGH A MAGAZINE OR MAGAZINES? WHICH ONE OR ONES? E. FIRST LIST (FIRST CHOICE):"
"AMS35_CLEAN_NOM_nocounts.sav","S35.Q48G.3","LAST NIGHT (SATURDAY NIGHT) AFTER SUPPER DID YOU READ OR LOOK THROUGH A MAGAZINE OR MAGAZINES? WHICH ONE OR ONES? E. FIRST LIST (FIRST CHOICE):"
"AMS35_CLEAN_NOM_nocounts.sav","S35.Q48G.4","LAST NIGHT (SATURDAY NIGHT) AFTER SUPPER DID YOU READ OR LOOK THROUGH A MAGAZINE OR MAGAZINES? WHICH ONE OR ONES? E. FIRST LIST (FIRST CHOICE):"
"AMS35_CLEAN_NOM_nocounts.sav","S35.Q48M.2","MISCELLANEOUS OTHER RADIO PROGRAMS LISTENED TO LAST NIGHT (SATURDAY NIGHT). E. SECOND CHOICE:"
"AMS35_CLEAN_NOM_nocounts.sav","S35.Q49.2","WHICH OF THESE THINGS DO YOU MOST LIKE TO DO? Z. IF 2 OR 3 THINGS CHECKED BUT NO INDICATION OF RANK CODE AS ""NO ANSWER"". E. SECOND CHOICE:"
"AMS35_CLEAN_NOM_nocounts.sav","S35.Q49.3","WHICH OF THESE THINGS DO YOU MOST LIKE TO DO? Z. IF 2 OR 3 THINGS CHECKED BUT NO INDICATION OF RANK CODE AS ""NO ANSWER"". E. THIRD CHOICE:"
"AMS35_CLEAN_NOM_nocounts.sav","S35.Q54.2","WHAT ARE YOUR THREE FAVORITE ATHLETICS OR SPORTS -- EITHER INDOOR OR OUTDOOR? E. SECOND CHOICE:"
"AMS35_CLEAN_NOM_nocounts.sav","S35.Q54.3","WHAT ARE YOUR THREE FAVORITE ATHLETICS OR SPORTS -- EITHER INDOOR OR OUTDOOR? E. THIRD CHOICE:"
"AMS35_CLEAN_NOM_nocounts.sav","S35.Q55.2","WHAT ARE YOUR THREE FAVORITE KINDS OF MUSIC? E. SECOND CHOICE:"
"AMS35_CLEAN_NOM_nocounts.sav","S35.Q55.3","WHAT ARE YOUR THREE FAVORITE KINDS OF MUSIC? E. THIRD CHOICE:"
"AMS44T_CLEAN_NOM_nocounts.sav","S44T.Q20A.13","WHY WOULD YOU CHOOSE THIS BRANCH? E. OTHER MOTIVATION:"
"AMS44T_CLEAN_NOM_nocounts.sav","S44T.Q20A.14","WHY WOULD YOU CHOOSE THIS BRANCH? E. OTHER MOTIVATION:"
"AMS44T_CLEAN_NOM_nocounts.sav","S44T.Q20A.15","WHY WOULD YOU CHOOSE THIS BRANCH? E. OTHER MOTIVATION:"
"AMS44T_CLEAN_NOM_nocounts.sav","S44T.Q20A.16","WHY WOULD YOU CHOOSE THIS BRANCH? E. GENERAL:"
"AMS44T_CLEAN_NOM_nocounts.sav","S44T.Q20A.17","WHY WOULD YOU CHOOSE THIS BRANCH? E. GENERAL:"
"AMS44T_CLEAN_NOM_nocounts.sav","S44T.Q20A.18","WHY WOULD YOU CHOOSE THIS BRANCH? E. GENERAL:"
"AMS83_CLEAN_NOM_nocounts.sav","S83.Q2.2","WHEN WERE YOU ORIGINALLY COMMISSIONED? E. MONTH COMMISSIONED.  ANP (LAST TWO DIGITS OF YEAR)"
"AMS83_CLEAN_NOM_nocounts.sav","S83.Q5.1"," WHEN WERE YOU BORN? E. YEAR COMMISSIONED."
"AMS83_CLEAN_NOM_nocounts.sav","S83.Q5.2","WHEN WERE YOU BORN? E. MONTH OF BIRTH.  ANP (LAST TWO DIGITS OF YEAR)"
"AMS83_CLEAN_NOM_nocounts.sav","S83.Q6.1"," IN WHICH STATE DID YOU LIVE DURING MOST OF THE LAST FIVE YEARS OF YOUR CIVILIAN LIFE? E. YEAR COMMISSIONED."
"AMS83_CLEAN_NOM_nocounts.sav","S83.Q6.2","IN WHICH STATE DID YOU LIVE DURING MOST OF THE LAST FIVE YEARS OF YOUR CIVILIAN LIFE? E. YEAR COMMISSIONED."
"AMS83_CLEAN_NOM_nocounts.sav","S83.Q6.2","IN WHICH STATE DID YOU LIVE DURING MOST OF THE LAST FIVE YEARS OF YOUR CIVILIAN LIFE? E. STATE."
"AMS141_CLEAN_NOM_nocounts.sav","S141.Q7.2","IN WHAT STATE OF THE UNITED STATES DID YOU SPEND MOST OF THE LAST FIVE YEARS OF YOUR CIVILIAN LIFE BEFORE YOU CAME INTO THE ARMY? E. STATE:"
"AMS141_CLEAN_NOM_nocounts.sav","S141.Q8B.1"," IF NOT, WHAT STATE WERE YOU LIVING IN JUST BEFORE YOU CAME INTO THE ARMY? E. STATE:"
"AMS141_CLEAN_NOM_nocounts.sav","S141.Q9.1"," WHAT STATE IN THE UNITED STATES DO YOU THINK YOU WILL LIVE IN RIGHT AFTER YOU GET OUT OF THE ARMY? E. STATE:"
"AMS141_CLEAN_NOM_nocounts.sav","S141.Q9.2","WHAT STATE IN THE UNITED STATES DO YOU THINK YOU WILL LIVE IN RIGHT AFTER YOU GET OUT OF THE ARMY? E. STATE:"
"AMS142_CLEAN_NOM_nocounts.sav","S142.Q15A.2","ABOUT HOW MUCH COMBAT FLYING OF THE SORT YOU HAVE BEEN DOING RECENTLY DO YOU THINK A MAN IN YOUR JOB CAN DO DURING A WEEK'S TIME AND KEEP HIS EFFICIENCY AT A REASONABLY HIGH LEVEL? E. NUMBER OF MISSIONS:  ANP (ACTUAL NUMBER HOURS)"
"AMS142_CLEAN_NOM_nocounts.sav","S142.Q16A.2","HOW MUCH COMBAT FLYING HAVE YOU DONE IN THE PAST 7 DAYS? E. NUMBER OF MISSIONS:  ANP (ACTUAL NUMBER HOURS)"
"AMS142_CLEAN_NOM_nocounts.sav","S142.Q16B.2","HOW MUCH IN THE PAST 3 DAYS? E. NUMBER OF MISSIONS:  ANP (ACTUAL NUMBER HOURS)"
"AMS142_CLEAN_NOM_nocounts.sav","S142.Q29A.2","DURING THE PAST FOUR WEEKS, HOW MANY FURLOUGHS, LEAVES AND PASSES (FOR 24 HOURS OR MORE) HAVE YOU HAD? E. FURLOUGHS:"
"AMS150_CLEAN_NOM_nocounts.sav","S150.Q28A.2","SINCE YOU HAVE BEEN FLYING COMBAT MISSIONS, HOW MANY FURLOUGHS, LEAVES, AND PASSES (FOR 24 HOURS OR MORE) HAVE YOU HAD? E. FURLOUGHS SINCE BEGINNING COMBAT FLYING:"
"AMS150_CLEAN_NOM_nocounts.sav","S150.Q28B.2","DURING THE PAST FOUR WEEKS, HOW MANY FURLOUGHS, LEAVES, AND PASSES (FOR 24 HOURS OR MORE) HAVE YOU HAD? E. FURLOUGHS IN THE PAST FOUR WEEKS:"
"AMS174_CLEAN_NOM_nocounts.sav","S174.Q4.2","IN WHAT STATE OF THE UNITED STATES DID YOU SPEND MOST OF THE LAST FIVE YEARS OF YOUR LIFE BEFORE YOU CAME INTO THE ARMY? E. STATE:"
"AMS199_CLEAN_NOM_nocounts.sav","S199.Q13.2","WHAT COMBINATION OF CLOTHING DO YOU USE IN COMBAT AT PRESENT? E. UNDERDRAWERS MENTIONED:"
"AMS199_CLEAN_NOM_nocounts.sav","S199.Q13.3","WHAT COMBINATION OF CLOTHING DO YOU USE IN COMBAT AT PRESENT? E. SHIRT OR SHIRTS MENTIONED:"
"AMS199_CLEAN_NOM_nocounts.sav","S199.Q13.4","WHAT COMBINATION OF CLOTHING DO YOU USE IN COMBAT AT PRESENT? E. COMBINATIONS OF SWEATERS AND JACKETS - FIRST ITEM MENTIONED:"
"AMS199_CLEAN_NOM_nocounts.sav","S199.Q13.5","WHAT COMBINATION OF CLOTHING DO YOU USE IN COMBAT AT PRESENT? E. COMBINATIONS OF SWEATERS AND JACKETS - SECOND ITEM MENTIONED:"
"AMS199_CLEAN_NOM_nocounts.sav","S199.Q13.6","WHAT COMBINATION OF CLOTHING DO YOU USE IN COMBAT AT PRESENT? E. COMBINATION OF SWEATERS AND JACKETS - THIRD ITEM MENTIONED:"
"AMS199_CLEAN_NOM_nocounts.sav","S199.Q13.7","WHAT COMBINATION OF CLOTHING DO YOU USE IN COMBAT AT PRESENT? E. COMBINATION OF TROUSERS WORN - FIRST ITEM MENTIONED:"
"AMS199_CLEAN_NOM_nocounts.sav","S199.Q13.8","WHAT COMBINATION OF CLOTHING DO YOU USE IN COMBAT AT PRESENT? E. COMBINATION OF TROUSERS WORN - SECOND ITEM MENTIONED:"
"AMS199_CLEAN_NOM_nocounts.sav","S199.Q13.9","WHAT COMBINATION OF CLOTHING DO YOU USE IN COMBAT AT PRESENT? E. COMBINATION OF TROUSERS WORN - THIRD ITEM MENTIONED:"
"AMS199_CLEAN_NOM_nocounts.sav","S199.Q13.10","WHAT COMBINATION OF CLOTHING DO YOU USE IN COMBAT AT PRESENT? E. OVERCOAT AND RAINCOAT NOW WORN:"
"AMS199_CLEAN_NOM_nocounts.sav","S199.Q13.11","WHAT COMBINATION OF CLOTHING DO YOU USE IN COMBAT AT PRESENT? E. OTHER ITEMS MENTIONED:"
"AMS212_CLEAN_NOM_nocounts.sav","S212.Q31C.10","IF YOU THINK THERE WILL BE ANOTHER WAR, WHO DO YOU THINK WILL BE FIGHTING WHOM? E. CHINA WILL BE FIGHTING:"
"AMS212_CLEAN_NOM_nocounts.sav","S212.Q31C.11","IF YOU THINK THERE WILL BE ANOTHER WAR, WHO DO YOU THINK WILL BE FIGHTING WHOM? E. CHINA WILL BE FIGHTING:"
"AMS212_CLEAN_NOM_nocounts.sav","S212.Q31C.12","IF YOU THINK THERE WILL BE ANOTHER WAR, WHO DO YOU THINK WILL BE FIGHTING WHOM? E. CHINA WILL BE FIGHTING:"
"AMS212_CLEAN_NOM_nocounts.sav","S212.Q31C.13","IF YOU THINK THERE WILL BE ANOTHER WAR, WHO DO YOU THINK WILL BE FIGHTING WHOM? E. CHINA WILL BE FIGHTING:"
"AMS212_CLEAN_NOM_nocounts.sav","S212.Q31C.14","IF YOU THINK THERE WILL BE ANOTHER WAR, WHO DO YOU THINK WILL BE FIGHTING WHOM? E. CHINA WILL BE FIGHTING:"
"AMS212_CLEAN_NOM_nocounts.sav","S212.Q31C.15","IF YOU THINK THERE WILL BE ANOTHER WAR, WHO DO YOU THINK WILL BE FIGHTING WHOM? E. CHINA WILL BE FIGHTING:"
"AMS212_CLEAN_NOM_nocounts.sav","S212.Q31C.16","IF YOU THINK THERE WILL BE ANOTHER WAR, WHO DO YOU THINK WILL BE FIGHTING WHOM? E. CHINA WILL BE FIGHTING:"
"AMS212_CLEAN_NOM_nocounts.sav","S212.Q31C.17","IF YOU THINK THERE WILL BE ANOTHER WAR, WHO DO YOU THINK WILL BE FIGHTING WHOM? E. CHINA WILL BE FIGHTING:"
"AMS212_CLEAN_NOM_nocounts.sav","S212.Q31C.18","IF YOU THINK THERE WILL BE ANOTHER WAR, WHO DO YOU THINK WILL BE FIGHTING WHOM? E. CHINA WILL BE FIGHTING:"
"AMS212_CLEAN_NOM_nocounts.sav","S212.Q31C.19","IF YOU THINK THERE WILL BE ANOTHER WAR, WHO DO YOU THINK WILL BE FIGHTING WHOM? E. ENGLAND WILL BE FIGHTING:"
"AMS212_CLEAN_NOM_nocounts.sav","S212.Q31C.20","IF YOU THINK THERE WILL BE ANOTHER WAR, WHO DO YOU THINK WILL BE FIGHTING WHOM? E. ENGLAND WILL BE FIGHTING:"
"AMS212_CLEAN_NOM_nocounts.sav","S212.Q31C.21","IF YOU THINK THERE WILL BE ANOTHER WAR, WHO DO YOU THINK WILL BE FIGHTING WHOM? E. ENGLAND WILL BE FIGHTING:"
"AMS212_CLEAN_NOM_nocounts.sav","S212.Q31C.22","IF YOU THINK THERE WILL BE ANOTHER WAR, WHO DO YOU THINK WILL BE FIGHTING WHOM? E. ENGLAND WILL BE FIGHTING:"
"AMS212_CLEAN_NOM_nocounts.sav","S212.Q31C.23","IF YOU THINK THERE WILL BE ANOTHER WAR, WHO DO YOU THINK WILL BE FIGHTING WHOM? E. ENGLAND WILL BE FIGHTING:"
"AMS212_CLEAN_NOM_nocounts.sav","S212.Q31C.24","IF YOU THINK THERE WILL BE ANOTHER WAR, WHO DO YOU THINK WILL BE FIGHTING WHOM? E. ENGLAND WILL BE FIGHTING:"
"AMS212_CLEAN_NOM_nocounts.sav","S212.Q31C.25","IF YOU THINK THERE WILL BE ANOTHER WAR, WHO DO YOU THINK WILL BE FIGHTING WHOM? E. ENGLAND WILL BE FIGHTING:"
"AMS212_CLEAN_NOM_nocounts.sav","S212.Q31C.26","IF YOU THINK THERE WILL BE ANOTHER WAR, WHO DO YOU THINK WILL BE FIGHTING WHOM? E. ENGLAND WILL BE FIGHTING:"
"AMS212_CLEAN_NOM_nocounts.sav","S212.Q31C.27","IF YOU THINK THERE WILL BE ANOTHER WAR, WHO DO YOU THINK WILL BE FIGHTING WHOM? E. ENGLAND WILL BE FIGHTING:"
"AMS212_CLEAN_NOM_nocounts.sav","S212.Q31C.28","IF YOU THINK THERE WILL BE ANOTHER WAR, WHO DO YOU THINK WILL BE FIGHTING WHOM? E. FRANCE WILL BE FIGHTING:"
"AMS212_CLEAN_NOM_nocounts.sav","S212.Q31C.29","IF YOU THINK THERE WILL BE ANOTHER WAR, WHO DO YOU THINK WILL BE FIGHTING WHOM? E. FRANCE WILL BE FIGHTING:"
"AMS212_CLEAN_NOM_nocounts.sav","S212.Q31C.30","IF YOU THINK THERE WILL BE ANOTHER WAR, WHO DO YOU THINK WILL BE FIGHTING WHOM? E. FRANCE WILL BE FIGHTING:"
"AMS212_CLEAN_NOM_nocounts.sav","S212.Q31C.31","IF YOU THINK THERE WILL BE ANOTHER WAR, WHO DO YOU THINK WILL BE FIGHTING WHOM? E. FRANCE WILL BE FIGHTING:"
"AMS212_CLEAN_NOM_nocounts.sav","S212.Q31C.32","IF YOU THINK THERE WILL BE ANOTHER WAR, WHO DO YOU THINK WILL BE FIGHTING WHOM? E. FRANCE WILL BE FIGHTING:"
"AMS212_CLEAN_NOM_nocounts.sav","S212.Q31C.33","IF YOU THINK THERE WILL BE ANOTHER WAR, WHO DO YOU THINK WILL BE FIGHTING WHOM? E. FRANCE WILL BE FIGHTING:"
"AMS212_CLEAN_NOM_nocounts.sav","S212.Q31C.34","IF YOU THINK THERE WILL BE ANOTHER WAR, WHO DO YOU THINK WILL BE FIGHTING WHOM? E. FRANCE WILL BE FIGHTING:"
"AMS212_CLEAN_NOM_nocounts.sav","S212.Q31C.35","IF YOU THINK THERE WILL BE ANOTHER WAR, WHO DO YOU THINK WILL BE FIGHTING WHOM? E. FRANCE WILL BE FIGHTING:"
"AMS212_CLEAN_NOM_nocounts.sav","S212.Q31C.36","IF YOU THINK THERE WILL BE ANOTHER WAR, WHO DO YOU THINK WILL BE FIGHTING WHOM? E. FRANCE WILL BE FIGHTING:"
"AMS212_CLEAN_NOM_nocounts.sav","S212.Q31C.37","IF YOU THINK THERE WILL BE ANOTHER WAR, WHO DO YOU THINK WILL BE FIGHTING WHOM? E. GERMANY WILL BE FIGHTING:"
"AMS212_CLEAN_NOM_nocounts.sav","S212.Q31C.38","IF YOU THINK THERE WILL BE ANOTHER WAR, WHO DO YOU THINK WILL BE FIGHTING WHOM? E. GERMANY WILL BE FIGHTING:"
"AMS212_CLEAN_NOM_nocounts.sav","S212.Q31C.39","IF YOU THINK THERE WILL BE ANOTHER WAR, WHO DO YOU THINK WILL BE FIGHTING WHOM? E. GERMANY WILL BE FIGHTING:"
"AMS212_CLEAN_NOM_nocounts.sav","S212.Q31C.40","IF YOU THINK THERE WILL BE ANOTHER WAR, WHO DO YOU THINK WILL BE FIGHTING WHOM? E. GERMANY WILL BE FIGHTING:"
"AMS212_CLEAN_NOM_nocounts.sav","S212.Q31C.41","IF YOU THINK THERE WILL BE ANOTHER WAR, WHO DO YOU THINK WILL BE FIGHTING WHOM? E. GERMANY WILL BE FIGHTING:"
"AMS212_CLEAN_NOM_nocounts.sav","S212.Q31C.42","IF YOU THINK THERE WILL BE ANOTHER WAR, WHO DO YOU THINK WILL BE FIGHTING WHOM? E. GERMANY WILL BE FIGHTING:"
"AMS212_CLEAN_NOM_nocounts.sav","S212.Q31C.43","IF YOU THINK THERE WILL BE ANOTHER WAR, WHO DO YOU THINK WILL BE FIGHTING WHOM? E. GERMANY WILL BE FIGHTING:"
"AMS212_CLEAN_NOM_nocounts.sav","S212.Q31C.44","IF YOU THINK THERE WILL BE ANOTHER WAR, WHO DO YOU THINK WILL BE FIGHTING WHOM? E. GERMANY WILL BE FIGHTING:"
"AMS212_CLEAN_NOM_nocounts.sav","S212.Q31C.45","IF YOU THINK THERE WILL BE ANOTHER WAR, WHO DO YOU THINK WILL BE FIGHTING WHOM? E. GERMANY WILL BE FIGHTING:"
"AMS212_CLEAN_NOM_nocounts.sav","S212.Q31C.46","IF YOU THINK THERE WILL BE ANOTHER WAR, WHO DO YOU THINK WILL BE FIGHTING WHOM? E. ITALY WILL BE FIGHTING:"
"AMS212_CLEAN_NOM_nocounts.sav","S212.Q31C.47","IF YOU THINK THERE WILL BE ANOTHER WAR, WHO DO YOU THINK WILL BE FIGHTING WHOM? E. ITALY WILL BE FIGHTING:"
"AMS212_CLEAN_NOM_nocounts.sav","S212.Q31C.48","IF YOU THINK THERE WILL BE ANOTHER WAR, WHO DO YOU THINK WILL BE FIGHTING WHOM? E. ITALY WILL BE FIGHTING:"
"AMS212_CLEAN_NOM_nocounts.sav","S212.Q31C.49","IF YOU THINK THERE WILL BE ANOTHER WAR, WHO DO YOU THINK WILL BE FIGHTING WHOM? E. ITALY WILL BE FIGHTING:"
"AMS212_CLEAN_NOM_nocounts.sav","S212.Q31C.50","IF YOU THINK THERE WILL BE ANOTHER WAR, WHO DO YOU THINK WILL BE FIGHTING WHOM? E. ITALY WILL BE FIGHTING:"
"AMS212_CLEAN_NOM_nocounts.sav","S212.Q31C.51","IF YOU THINK THERE WILL BE ANOTHER WAR, WHO DO YOU THINK WILL BE FIGHTING WHOM? E. ITALY WILL BE FIGHTING:"
"AMS212_CLEAN_NOM_nocounts.sav","S212.Q31C.52","IF YOU THINK THERE WILL BE ANOTHER WAR, WHO DO YOU THINK WILL BE FIGHTING WHOM? E. ITALY WILL BE FIGHTING:"
"AMS212_CLEAN_NOM_nocounts.sav","S212.Q31C.53","IF YOU THINK THERE WILL BE ANOTHER WAR, WHO DO YOU THINK WILL BE FIGHTING WHOM? E. ITALY WILL BE FIGHTING:"
"AMS212_CLEAN_NOM_nocounts.sav","S212.Q31C.54","IF YOU THINK THERE WILL BE ANOTHER WAR, WHO DO YOU THINK WILL BE FIGHTING WHOM? E. ITALY WILL BE FIGHTING:"
"AMS212_CLEAN_NOM_nocounts.sav","S212.Q31C.55","IF YOU THINK THERE WILL BE ANOTHER WAR, WHO DO YOU THINK WILL BE FIGHTING WHOM? E. JAPAN WILL BE FIGHTING:"
"AMS212_CLEAN_NOM_nocounts.sav","S212.Q31C.56","IF YOU THINK THERE WILL BE ANOTHER WAR, WHO DO YOU THINK WILL BE FIGHTING WHOM? E. JAPAN WILL BE FIGHTING:"
"AMS212_CLEAN_NOM_nocounts.sav","S212.Q31C.57","IF YOU THINK THERE WILL BE ANOTHER WAR, WHO DO YOU THINK WILL BE FIGHTING WHOM? E. JAPAN WILL BE FIGHTING:"
"AMS212_CLEAN_NOM_nocounts.sav","S212.Q31C.58","IF YOU THINK THERE WILL BE ANOTHER WAR, WHO DO YOU THINK WILL BE FIGHTING WHOM? E. JAPAN WILL BE FIGHTING:"
"AMS212_CLEAN_NOM_nocounts.sav","S212.Q31C.59","IF YOU THINK THERE WILL BE ANOTHER WAR, WHO DO YOU THINK WILL BE FIGHTING WHOM? E. JAPAN WILL BE FIGHTING:"
"AMS212_CLEAN_NOM_nocounts.sav","S212.Q31C.60","IF YOU THINK THERE WILL BE ANOTHER WAR, WHO DO YOU THINK WILL BE FIGHTING WHOM? E. JAPAN WILL BE FIGHTING:"
"AMS212_CLEAN_NOM_nocounts.sav","S212.Q31C.61","IF YOU THINK THERE WILL BE ANOTHER WAR, WHO DO YOU THINK WILL BE FIGHTING WHOM? E. JAPAN WILL BE FIGHTING:"
"AMS212_CLEAN_NOM_nocounts.sav","S212.Q31C.62","IF YOU THINK THERE WILL BE ANOTHER WAR, WHO DO YOU THINK WILL BE FIGHTING WHOM? E. JAPAN WILL BE FIGHTING:"
"AMS212_CLEAN_NOM_nocounts.sav","S212.Q31C.63","IF YOU THINK THERE WILL BE ANOTHER WAR, WHO DO YOU THINK WILL BE FIGHTING WHOM? E. JAPAN WILL BE FIGHTING:"
"AMS212_CLEAN_NOM_nocounts.sav","S212.Q31C.64","IF YOU THINK THERE WILL BE ANOTHER WAR, WHO DO YOU THINK WILL BE FIGHTING WHOM? E. RUSSIA WILL BE FIGHTING:"
"AMS212_CLEAN_NOM_nocounts.sav","S212.Q31C.65","IF YOU THINK THERE WILL BE ANOTHER WAR, WHO DO YOU THINK WILL BE FIGHTING WHOM? E. RUSSIA WILL BE FIGHTING:"
"AMS212_CLEAN_NOM_nocounts.sav","S212.Q31C.66","IF YOU THINK THERE WILL BE ANOTHER WAR, WHO DO YOU THINK WILL BE FIGHTING WHOM? E. RUSSIA WILL BE FIGHTING:"
"AMS212_CLEAN_NOM_nocounts.sav","S212.Q31C.67","IF YOU THINK THERE WILL BE ANOTHER WAR, WHO DO YOU THINK WILL BE FIGHTING WHOM? E. RUSSIA WILL BE FIGHTING:"
"AMS212_CLEAN_NOM_nocounts.sav","S212.Q31C.68","IF YOU THINK THERE WILL BE ANOTHER WAR, WHO DO YOU THINK WILL BE FIGHTING WHOM? E. RUSSIA WILL BE FIGHTING:"
"AMS212_CLEAN_NOM_nocounts.sav","S212.Q31C.69","IF YOU THINK THERE WILL BE ANOTHER WAR, WHO DO YOU THINK WILL BE FIGHTING WHOM? E. RUSSIA WILL BE FIGHTING:"
"AMS212_CLEAN_NOM_nocounts.sav","S212.Q31C.70","IF YOU THINK THERE WILL BE ANOTHER WAR, WHO DO YOU THINK WILL BE FIGHTING WHOM? E. RUSSIA WILL BE FIGHTING:"
"AMS212_CLEAN_NOM_nocounts.sav","S212.Q31C.71","IF YOU THINK THERE WILL BE ANOTHER WAR, WHO DO YOU THINK WILL BE FIGHTING WHOM? E. RUSSIA WILL BE FIGHTING:"
"AMS212_CLEAN_NOM_nocounts.sav","S212.Q31C.72","IF YOU THINK THERE WILL BE ANOTHER WAR, WHO DO YOU THINK WILL BE FIGHTING WHOM? E. RUSSIA WILL BE FIGHTING:"
"AMS212_CLEAN_NOM_nocounts.sav","S212.Q31C.73","IF YOU THINK THERE WILL BE ANOTHER WAR, WHO DO YOU THINK WILL BE FIGHTING WHOM? E. UNITED STATES WILL BE FIGHTING:"
"AMS212_CLEAN_NOM_nocounts.sav","S212.Q31C.74","IF YOU THINK THERE WILL BE ANOTHER WAR, WHO DO YOU THINK WILL BE FIGHTING WHOM? E. UNITED STATES WILL BE FIGHTING:"
"AMS212_CLEAN_NOM_nocounts.sav","S212.Q31C.75","IF YOU THINK THERE WILL BE ANOTHER WAR, WHO DO YOU THINK WILL BE FIGHTING WHOM? E. UNITED STATES WILL BE FIGHTING:"
"AMS212_CLEAN_NOM_nocounts.sav","S212.Q31C.76","IF YOU THINK THERE WILL BE ANOTHER WAR, WHO DO YOU THINK WILL BE FIGHTING WHOM? E. UNITED STATES WILL BE FIGHTING:"
"AMS212_CLEAN_NOM_nocounts.sav","S212.Q31C.77","IF YOU THINK THERE WILL BE ANOTHER WAR, WHO DO YOU THINK WILL BE FIGHTING WHOM? E. UNITED STATES WILL BE FIGHTING:"
"AMS212_CLEAN_NOM_nocounts.sav","S212.Q31C.78","IF YOU THINK THERE WILL BE ANOTHER WAR, WHO DO YOU THINK WILL BE FIGHTING WHOM? E. UNITED STATES WILL BE FIGHTING:"
"AMS212_CLEAN_NOM_nocounts.sav","S212.Q31C.79","IF YOU THINK THERE WILL BE ANOTHER WAR, WHO DO YOU THINK WILL BE FIGHTING WHOM? E. UNITED STATES WILL BE FIGHTING:"
"AMS212_CLEAN_NOM_nocounts.sav","S212.Q31C.80","IF YOU THINK THERE WILL BE ANOTHER WAR, WHO DO YOU THINK WILL BE FIGHTING WHOM? E. UNITED STATES WILL BE FIGHTING:"
"AMS212_CLEAN_NOM_nocounts.sav","S212.Q31C.81","IF YOU THINK THERE WILL BE ANOTHER WAR, WHO DO YOU THINK WILL BE FIGHTING WHOM? E. UNITED STATES WILL BE FIGHTING:"
"AMS212_CLEAN_NOM_nocounts.sav","S212.Q31C.82","IF YOU THINK THERE WILL BE ANOTHER WAR, WHO DO YOU THINK WILL BE FIGHTING WHOM? E. OTHER COUNTRIES WILL BE FIGHTING:"
"AMS212_CLEAN_NOM_nocounts.sav","S212.Q31C.83","IF YOU THINK THERE WILL BE ANOTHER WAR, WHO DO YOU THINK WILL BE FIGHTING WHOM? E. OTHER COUNTRIES WILL BE FIGHTING:"
"AMS212_CLEAN_NOM_nocounts.sav","S212.Q31C.84","IF YOU THINK THERE WILL BE ANOTHER WAR, WHO DO YOU THINK WILL BE FIGHTING WHOM? E. OTHER COUNTRIES WILL BE FIGHTING:"
"AMS212_CLEAN_NOM_nocounts.sav","S212.Q31C.85","IF YOU THINK THERE WILL BE ANOTHER WAR, WHO DO YOU THINK WILL BE FIGHTING WHOM? E. OTHER COUNTRIES WILL BE FIGHTING:"
"AMS212_CLEAN_NOM_nocounts.sav","S212.Q31C.86","IF YOU THINK THERE WILL BE ANOTHER WAR, WHO DO YOU THINK WILL BE FIGHTING WHOM? E. OTHER COUNTRIES WILL BE FIGHTING:"
"AMS212_CLEAN_NOM_nocounts.sav","S212.Q31C.87","IF YOU THINK THERE WILL BE ANOTHER WAR, WHO DO YOU THINK WILL BE FIGHTING WHOM? E. OTHER COUNTRIES WILL BE FIGHTING:"
"AMS212_CLEAN_NOM_nocounts.sav","S212.Q31C.88","IF YOU THINK THERE WILL BE ANOTHER WAR, WHO DO YOU THINK WILL BE FIGHTING WHOM? E. OTHER COUNTRIES WILL BE FIGHTING:"
"AMS212_CLEAN_NOM_nocounts.sav","S212.Q31C.89","IF YOU THINK THERE WILL BE ANOTHER WAR, WHO DO YOU THINK WILL BE FIGHTING WHOM? E. OTHER COUNTRIES WILL BE FIGHTING:"
"AMS212_CLEAN_NOM_nocounts.sav","S212.Q31C.90","IF YOU THINK THERE WILL BE ANOTHER WAR, WHO DO YOU THINK WILL BE FIGHTING WHOM? E. OTHER COUNTRIES WILL BE FIGHTING:"
"AMS212_CLEAN_NOM_nocounts.sav","S212.Q31C.91","IF YOU THINK THERE WILL BE ANOTHER WAR, WHO DO YOU THINK WILL BE FIGHTING WHOM? E. OTHER COUNTRIES WILL BE FIGHTING:"
"AMS212_CLEAN_NOM_nocounts.sav","S212.Q31C.92","IF YOU THINK THERE WILL BE ANOTHER WAR, WHO DO YOU THINK WILL BE FIGHTING WHOM? E. OTHER COUNTRIES WILL BE FIGHTING:"
"AMS40E_CLEAN_NOM_nocounts.sav","S40E.Q17B.7","IF MORE OF ANY KIND OF DRILL OR INSTRUCTION IS NEEDED, JUST WHAT IS NEEDED? E. TACTICAL TRAINING FOR VARIOUS UNITS (KINDS):"
"AMS40E_CLEAN_NOM_nocounts.sav","S40E.Q17B.8","IF MORE OF ANY KIND OF DRILL OR INSTRUCTION IS NEEDED, JUST WHAT IS NEEDED? E. TACTICAL TRAINING FOR VARIOUS UNITS (KINDS):"
"AMS40E_CLEAN_NOM_nocounts.sav","S40E.Q17B.9","IF MORE OF ANY KIND OF DRILL OR INSTRUCTION IS NEEDED, JUST WHAT IS NEEDED? E. TACTICAL TRAINING FOR VARIOUS UNITS (KINDS):"
"AMS40E_CLEAN_NOM_nocounts.sav","S40E.Q17B.10","IF MORE OF ANY KIND OF DRILL OR INSTRUCTION IS NEEDED, JUST WHAT IS NEEDED? E. TACTICAL TRAINING FOR VARIOUS UNITS (KINDS):"
"AMS40E_CLEAN_NOM_nocounts.sav","S40E.Q17B.11","IF MORE OF ANY KIND OF DRILL OR INSTRUCTION IS NEEDED, JUST WHAT IS NEEDED? E. TACTICAL TRAINING FOR VARIOUS UNITS (KINDS):"
"AMS40E_CLEAN_NOM_nocounts.sav","S40E.Q17B.12","IF MORE OF ANY KIND OF DRILL OR INSTRUCTION IS NEEDED, JUST WHAT IS NEEDED? E. TACTICAL TRAINING FOR VARIOUS UNITS (KINDS):"
"AMS40E_CLEAN_NOM_nocounts.sav","S40E.Q17B.13","IF MORE OF ANY KIND OF DRILL OR INSTRUCTION IS NEEDED, JUST WHAT IS NEEDED? E. TACTICAL TRAINING FOR VARIOUS UNITS (KINDS):"
"AMS40E_CLEAN_NOM_nocounts.sav","S40E.Q17B.14","IF MORE OF ANY KIND OF DRILL OR INSTRUCTION IS NEEDED, JUST WHAT IS NEEDED? E. CONDITIONS OF TRAINING - REALISM:"
"AMS40E_CLEAN_NOM_nocounts.sav","S40E.Q17B.15","IF MORE OF ANY KIND OF DRILL OR INSTRUCTION IS NEEDED, JUST WHAT IS NEEDED? E. CONDITIONS OF TRAINING - REALISM:"
"AMS40E_CLEAN_NOM_nocounts.sav","S40E.Q17B.16","IF MORE OF ANY KIND OF DRILL OR INSTRUCTION IS NEEDED, JUST WHAT IS NEEDED? E. CONDITIONS OF TRAINING - REALISM:"
"AMS40E_CLEAN_NOM_nocounts.sav","S40E.Q17B.17","IF MORE OF ANY KIND OF DRILL OR INSTRUCTION IS NEEDED, JUST WHAT IS NEEDED? E. CONDITIONS OF TRAINING - REALISM:"
"AMS40E_CLEAN_NOM_nocounts.sav","S40E.Q17B.18","IF MORE OF ANY KIND OF DRILL OR INSTRUCTION IS NEEDED, JUST WHAT IS NEEDED? E. CONDITIONS OF TRAINING - REALISM:"
"AMS40E_CLEAN_NOM_nocounts.sav","S40E.Q17B.19","IF MORE OF ANY KIND OF DRILL OR INSTRUCTION IS NEEDED, JUST WHAT IS NEEDED? E. CONDITIONS OF TRAINING - REALISM:"
"AMS40E_CLEAN_NOM_nocounts.sav","S40E.Q17B.20","IF MORE OF ANY KIND OF DRILL OR INSTRUCTION IS NEEDED, JUST WHAT IS NEEDED? E. CONDITIONS OF TRAINING - REALISM:"
"AMS40E_CLEAN_NOM_nocounts.sav","S40E.Q17B.21","IF MORE OF ANY KIND OF DRILL OR INSTRUCTION IS NEEDED, JUST WHAT IS NEEDED? E. TRAINING WITH WEAPONS:"
"AMS40E_CLEAN_NOM_nocounts.sav","S40E.Q17B.22","IF MORE OF ANY KIND OF DRILL OR INSTRUCTION IS NEEDED, JUST WHAT IS NEEDED? E. TRAINING WITH WEAPONS:"
"AMS40E_CLEAN_NOM_nocounts.sav","S40E.Q17B.23","IF MORE OF ANY KIND OF DRILL OR INSTRUCTION IS NEEDED, JUST WHAT IS NEEDED? E. TRAINING WITH WEAPONS:"
"AMS40E_CLEAN_NOM_nocounts.sav","S40E.Q17B.24","IF MORE OF ANY KIND OF DRILL OR INSTRUCTION IS NEEDED, JUST WHAT IS NEEDED? E. TRAINING WITH WEAPONS:"
"AMS40E_CLEAN_NOM_nocounts.sav","S40E.Q17B.25","IF MORE OF ANY KIND OF DRILL OR INSTRUCTION IS NEEDED, JUST WHAT IS NEEDED? E. TRAINING WITH WEAPONS:"
"AMS40E_CLEAN_NOM_nocounts.sav","S40E.Q17B.26","IF MORE OF ANY KIND OF DRILL OR INSTRUCTION IS NEEDED, JUST WHAT IS NEEDED? E. TRAINING WITH WEAPONS:"
"AMS40E_CLEAN_NOM_nocounts.sav","S40E.Q17B.27","IF MORE OF ANY KIND OF DRILL OR INSTRUCTION IS NEEDED, JUST WHAT IS NEEDED? E. TRAINING WITH WEAPONS:"
"AMS40E_CLEAN_NOM_nocounts.sav","S40E.Q17B.28","IF MORE OF ANY KIND OF DRILL OR INSTRUCTION IS NEEDED, JUST WHAT IS NEEDED? E. TRAINING WITH WEAPONS:"
"AMS40E_CLEAN_NOM_nocounts.sav","S40E.Q17B.29","IF MORE OF ANY KIND OF DRILL OR INSTRUCTION IS NEEDED, JUST WHAT IS NEEDED? E. TRAINING WITH WEAPONS:"
"AMS40E_CLEAN_NOM_nocounts.sav","S40E.Q17B.30","IF MORE OF ANY KIND OF DRILL OR INSTRUCTION IS NEEDED, JUST WHAT IS NEEDED? E. SPECIAL TECHNICAL INSTRUCTION:"
"AMS40E_CLEAN_NOM_nocounts.sav","S40E.Q17B.31","IF MORE OF ANY KIND OF DRILL OR INSTRUCTION IS NEEDED, JUST WHAT IS NEEDED? E. SPECIAL TECHNICAL INSTRUCTION:"
"AMS40E_CLEAN_NOM_nocounts.sav","S40E.Q17B.32","IF MORE OF ANY KIND OF DRILL OR INSTRUCTION IS NEEDED, JUST WHAT IS NEEDED? E. SPECIAL TECHNICAL INSTRUCTION:"
"AMS40E_CLEAN_NOM_nocounts.sav","S40E.Q17B.33","IF MORE OF ANY KIND OF DRILL OR INSTRUCTION IS NEEDED, JUST WHAT IS NEEDED? E. SPECIAL TECHNICAL INSTRUCTION:"
"AMS40E_CLEAN_NOM_nocounts.sav","S40E.Q17B.34","IF MORE OF ANY KIND OF DRILL OR INSTRUCTION IS NEEDED, JUST WHAT IS NEEDED? E. SPECIAL TECHNICAL INSTRUCTION:"
"AMS40E_CLEAN_NOM_nocounts.sav","S40E.Q17B.35","IF MORE OF ANY KIND OF DRILL OR INSTRUCTION IS NEEDED, JUST WHAT IS NEEDED? E. SPECIAL TECHNICAL INSTRUCTION:"
"AMS40E_CLEAN_NOM_nocounts.sav","S40E.Q17B.36","IF MORE OF ANY KIND OF DRILL OR INSTRUCTION IS NEEDED, JUST WHAT IS NEEDED? E. SPECIAL TECHNICAL INSTRUCTION:"
"AMS40E_CLEAN_NOM_nocounts.sav","S40E.Q17B.37","IF MORE OF ANY KIND OF DRILL OR INSTRUCTION IS NEEDED, JUST WHAT IS NEEDED? E. SPECIAL TECHNICAL INSTRUCTION:"
"AMS40E_CLEAN_NOM_nocounts.sav","S40E.Q17B.38","IF MORE OF ANY KIND OF DRILL OR INSTRUCTION IS NEEDED, JUST WHAT IS NEEDED? E. SPECIAL TECHNICAL INSTRUCTION:"
"AMS40E_CLEAN_NOM_nocounts.sav","S40E.Q17B.39","IF MORE OF ANY KIND OF DRILL OR INSTRUCTION IS NEEDED, JUST WHAT IS NEEDED? E. SPECIAL TECHNICAL INSTRUCTION:"
"AMS40E_CLEAN_NOM_nocounts.sav","S40E.Q29.2","LISTED BELOW ARE FIVE ABILITIES THAT A GOOD NONCOM IS SUPPOSED TO HAVE. PUT A NUMBER ""1"" IN FRONT OF THE ONE THAT YOU THINK IS MOST IMPORTANT. THEN PUT A NUMBER ""2"" IN FRONT OF THE ONE THAT YOU THINK IS SECOND IN IMPORTANCE. E. SECOND CHOICE:"
"AMS40E_CLEAN_NOM_nocounts.sav","S40E.Q38B.7","E. BRITISH IMPERIALISM:"
"AMS40E_CLEAN_NOM_nocounts.sav","S40E.Q38B.8","E. BRITISH IMPERIALISM:"
"AMS40E_CLEAN_NOM_nocounts.sav","S40E.Q38B.9","E. BRITISH IMPERIALISM:"
"AMS40E_CLEAN_NOM_nocounts.sav","S40E.Q38B.10","E. CHARACTER OF THE BRITISH:"
"AMS40E_CLEAN_NOM_nocounts.sav","S40E.Q38B.11","E. CHARACTER OF THE BRITISH:"
"AMS40E_CLEAN_NOM_nocounts.sav","S40E.Q38B.12","E. CHARACTER OF THE BRITISH:"
"AMS40E_CLEAN_NOM_nocounts.sav","S40E.Q38B.13","E. FAILURE TO MAKE SUITABLE PEACE TERMS:"
"AMS40E_CLEAN_NOM_nocounts.sav","S40E.Q38B.14","E. FAILURE TO MAKE SUITABLE PEACE TERMS:"
"AMS40E_CLEAN_NOM_nocounts.sav","S40E.Q38B.15","E. FAILURE TO MAKE SUITABLE PEACE TERMS:"
"AMS40E_CLEAN_NOM_nocounts.sav","S40E.Q38B.16","E. FAILURE TO MAKE SUITABLE PEACE TERMS:"
"AMS40E_CLEAN_NOM_nocounts.sav","S40E.Q38B.17","E. HISTORICAL REASONS:"
"AMS40E_CLEAN_NOM_nocounts.sav","S40E.Q38B.18","E. HISTORICAL REASONS:"
"AMS40E_CLEAN_NOM_nocounts.sav","S40E.Q38B.19","E. MISCELLANEOUS:"
"AMS40E_CLEAN_NOM_nocounts.sav","S40E.Q38B.20","E. MISCELLANEOUS:"
"AMS40E_CLEAN_NOM_nocounts.sav","S40E.Q38B.21","E. MISCELLANEOUS:"
"AMS40E_CLEAN_NOM_nocounts.sav","S40E.V39C.5","FURTHER SPECIFIC ANSWERS TO Q.39B: X. NOTE THAT MAJOR CATEGORIES BELOW CORRESPOND CODES IN Q.39B. E. RUSSIAN AMBITION TO SPREAD COMMUNISM AND DOMINATE OTHER COUNTRIES:"
"AMS40E_CLEAN_NOM_nocounts.sav","S40E.V39C.6","FURTHER SPECIFIC ANSWERS TO Q.39B: X. NOTE THAT MAJOR CATEGORIES BELOW CORRESPOND CODES IN Q.39B. E. RUSSIAN AMBITION TO SPREAD COMMUNISM AND DOMINATE OTHER COUNTRIES:"
"AMS40E_CLEAN_NOM_nocounts.sav","S40E.V39C.7","FURTHER SPECIFIC ANSWERS TO Q.39B: X. NOTE THAT MAJOR CATEGORIES BELOW CORRESPOND CODES IN Q.39B. E. RUSSIAN AMBITION TO SPREAD COMMUNISM AND DOMINATE OTHER COUNTRIES:"
"AMS40E_CLEAN_NOM_nocounts.sav","S40E.V39C.8","FURTHER SPECIFIC ANSWERS TO Q.39B: X. NOTE THAT MAJOR CATEGORIES BELOW CORRESPOND CODES IN Q.39B. E. RUSSIAN AMBITION TO SPREAD COMMUNISM AND DOMINATE OTHER COUNTRIES:"
"AMS40E_CLEAN_NOM_nocounts.sav","S40E.V39C.9","FURTHER SPECIFIC ANSWERS TO Q.39B: X. NOTE THAT MAJOR CATEGORIES BELOW CORRESPOND CODES IN Q.39B. E. RUSSIAN AMBITION TO SPREAD COMMUNISM AND DOMINATE OTHER COUNTRIES:"
"AMS40E_CLEAN_NOM_nocounts.sav","S40E.V39C.10","FURTHER SPECIFIC ANSWERS TO Q.39B: X. NOTE THAT MAJOR CATEGORIES BELOW CORRESPOND CODES IN Q.39B. E. RUSSIAN AMBITION TO SPREAD COMMUNISM AND DOMINATE OTHER COUNTRIES:"
"AMS40E_CLEAN_NOM_nocounts.sav","S40E.V39C.11","FURTHER SPECIFIC ANSWERS TO Q.39B: X. NOTE THAT MAJOR CATEGORIES BELOW CORRESPOND CODES IN Q.39B. E. UNFRIENDLINESS AND SUSPICION BETWEEN RUSSIA AND ALLIES:"
"AMS40E_CLEAN_NOM_nocounts.sav","S40E.V39C.12","FURTHER SPECIFIC ANSWERS TO Q.39B: X. NOTE THAT MAJOR CATEGORIES BELOW CORRESPOND CODES IN Q.39B. E. UNFRIENDLINESS AND SUSPICION BETWEEN RUSSIA AND ALLIES:"
"AMS40E_CLEAN_NOM_nocounts.sav","S40E.V39C.13","FURTHER SPECIFIC ANSWERS TO Q.39B: X. NOTE THAT MAJOR CATEGORIES BELOW CORRESPOND CODES IN Q.39B. E. UNFRIENDLINESS AND SUSPICION BETWEEN RUSSIA AND ALLIES:"
"AMS40E_CLEAN_NOM_nocounts.sav","S40E.V39C.14","FURTHER SPECIFIC ANSWERS TO Q.39B: X. NOTE THAT MAJOR CATEGORIES BELOW CORRESPOND CODES IN Q.39B. E. UNFRIENDLINESS AND SUSPICION BETWEEN RUSSIA AND ALLIES:"
"AMS40E_CLEAN_NOM_nocounts.sav","S40E.V39C.15","FURTHER SPECIFIC ANSWERS TO Q.39B: X. NOTE THAT MAJOR CATEGORIES BELOW CORRESPOND CODES IN Q.39B. E. FAILURE TO MAKE SUITABLE PEACE TERMS:"
"AMS40E_CLEAN_NOM_nocounts.sav","S40E.V39C.16","FURTHER SPECIFIC ANSWERS TO Q.39B: X. NOTE THAT MAJOR CATEGORIES BELOW CORRESPOND CODES IN Q.39B. E. FAILURE TO MAKE SUITABLE PEACE TERMS:"
"AMS40E_CLEAN_NOM_nocounts.sav","S40E.V39C.17","FURTHER SPECIFIC ANSWERS TO Q.39B: X. NOTE THAT MAJOR CATEGORIES BELOW CORRESPOND CODES IN Q.39B. E. FAILURE TO MAKE SUITABLE PEACE TERMS:"
"AMS40E_CLEAN_NOM_nocounts.sav","S40E.V39C.18","FURTHER SPECIFIC ANSWERS TO Q.39B: X. NOTE THAT MAJOR CATEGORIES BELOW CORRESPOND CODES IN Q.39B. E. MISCELLANEOUS:"
"AMS40E_CLEAN_NOM_nocounts.sav","S40E.V39C.19","FURTHER SPECIFIC ANSWERS TO Q.39B: X. NOTE THAT MAJOR CATEGORIES BELOW CORRESPOND CODES IN Q.39B. E. MISCELLANEOUS:"
"AMS40E_CLEAN_NOM_nocounts.sav","S40E.V39C.20","FURTHER SPECIFIC ANSWERS TO Q.39B: X. NOTE THAT MAJOR CATEGORIES BELOW CORRESPOND CODES IN Q.39B. E. MISCELLANEOUS:"
"AMS40E_CLEAN_NOM_nocounts.sav","S40E.V39C.21","FURTHER SPECIFIC ANSWERS TO Q.39B: X. NOTE THAT MAJOR CATEGORIES BELOW CORRESPOND CODES IN Q.39B. E. MISCELLANEOUS:"
"AMS40O_CLEAN_NOM_nocounts.sav","S40O.Q28B.7","IF MORE OF ANY KIND OF DRILL OR INSTRUCTION IS NEEDED, JUST WHAT IS NEEDED? E. TACTICAL TRAINING FOR VARIOUS UNITS (KINDS):"
"AMS40O_CLEAN_NOM_nocounts.sav","S40O.Q28B.8","IF MORE OF ANY KIND OF DRILL OR INSTRUCTION IS NEEDED, JUST WHAT IS NEEDED? E. TACTICAL TRAINING FOR VARIOUS UNITS (KINDS):"
"AMS40O_CLEAN_NOM_nocounts.sav","S40O.Q28B.9","IF MORE OF ANY KIND OF DRILL OR INSTRUCTION IS NEEDED, JUST WHAT IS NEEDED? E. TACTICAL TRAINING FOR VARIOUS UNITS (KINDS):"
"AMS40O_CLEAN_NOM_nocounts.sav","S40O.Q28B.10","IF MORE OF ANY KIND OF DRILL OR INSTRUCTION IS NEEDED, JUST WHAT IS NEEDED? E. TACTICAL TRAINING FOR VARIOUS UNITS (KINDS):"
"AMS40O_CLEAN_NOM_nocounts.sav","S40O.Q28B.11","IF MORE OF ANY KIND OF DRILL OR INSTRUCTION IS NEEDED, JUST WHAT IS NEEDED? E. TACTICAL TRAINING FOR VARIOUS UNITS (KINDS):"
"AMS40O_CLEAN_NOM_nocounts.sav","S40O.Q28B.12","IF MORE OF ANY KIND OF DRILL OR INSTRUCTION IS NEEDED, JUST WHAT IS NEEDED? E. TACTICAL TRAINING FOR VARIOUS UNITS (KINDS):"
"AMS40O_CLEAN_NOM_nocounts.sav","S40O.Q28B.13","IF MORE OF ANY KIND OF DRILL OR INSTRUCTION IS NEEDED, JUST WHAT IS NEEDED? E. TACTICAL TRAINING FOR VARIOUS UNITS (KINDS):"
"AMS40O_CLEAN_NOM_nocounts.sav","S40O.Q28B.14","IF MORE OF ANY KIND OF DRILL OR INSTRUCTION IS NEEDED, JUST WHAT IS NEEDED? E. CONDITIONS OF TRAINING - REALISM:"
"AMS40O_CLEAN_NOM_nocounts.sav","S40O.Q28B.15","IF MORE OF ANY KIND OF DRILL OR INSTRUCTION IS NEEDED, JUST WHAT IS NEEDED? E. CONDITIONS OF TRAINING - REALISM:"
"AMS40O_CLEAN_NOM_nocounts.sav","S40O.Q28B.16","IF MORE OF ANY KIND OF DRILL OR INSTRUCTION IS NEEDED, JUST WHAT IS NEEDED? E. CONDITIONS OF TRAINING - REALISM:"
"AMS40O_CLEAN_NOM_nocounts.sav","S40O.Q28B.17","IF MORE OF ANY KIND OF DRILL OR INSTRUCTION IS NEEDED, JUST WHAT IS NEEDED? E. CONDITIONS OF TRAINING - REALISM:"
"AMS40O_CLEAN_NOM_nocounts.sav","S40O.Q28B.18","IF MORE OF ANY KIND OF DRILL OR INSTRUCTION IS NEEDED, JUST WHAT IS NEEDED? E. CONDITIONS OF TRAINING - REALISM:"
"AMS40O_CLEAN_NOM_nocounts.sav","S40O.Q28B.19","IF MORE OF ANY KIND OF DRILL OR INSTRUCTION IS NEEDED, JUST WHAT IS NEEDED? E. CONDITIONS OF TRAINING - REALISM:"
"AMS40O_CLEAN_NOM_nocounts.sav","S40O.Q28B.20","IF MORE OF ANY KIND OF DRILL OR INSTRUCTION IS NEEDED, JUST WHAT IS NEEDED? E. CONDITIONS OF TRAINING - REALISM:"
"AMS40O_CLEAN_NOM_nocounts.sav","S40O.Q28B.21","IF MORE OF ANY KIND OF DRILL OR INSTRUCTION IS NEEDED, JUST WHAT IS NEEDED? E. TRAINING WITH WEAPONS:"
"AMS40O_CLEAN_NOM_nocounts.sav","S40O.Q28B.22","IF MORE OF ANY KIND OF DRILL OR INSTRUCTION IS NEEDED, JUST WHAT IS NEEDED? E. TRAINING WITH WEAPONS:"
"AMS40O_CLEAN_NOM_nocounts.sav","S40O.Q28B.23","IF MORE OF ANY KIND OF DRILL OR INSTRUCTION IS NEEDED, JUST WHAT IS NEEDED? E. TRAINING WITH WEAPONS:"
"AMS40O_CLEAN_NOM_nocounts.sav","S40O.Q28B.24","IF MORE OF ANY KIND OF DRILL OR INSTRUCTION IS NEEDED, JUST WHAT IS NEEDED? E. TRAINING WITH WEAPONS:"
"AMS40O_CLEAN_NOM_nocounts.sav","S40O.Q28B.25","IF MORE OF ANY KIND OF DRILL OR INSTRUCTION IS NEEDED, JUST WHAT IS NEEDED? E. TRAINING WITH WEAPONS:"
"AMS40O_CLEAN_NOM_nocounts.sav","S40O.Q28B.26","IF MORE OF ANY KIND OF DRILL OR INSTRUCTION IS NEEDED, JUST WHAT IS NEEDED? E. TRAINING WITH WEAPONS:"
"AMS40O_CLEAN_NOM_nocounts.sav","S40O.Q28B.27","IF MORE OF ANY KIND OF DRILL OR INSTRUCTION IS NEEDED, JUST WHAT IS NEEDED? E. TRAINING WITH WEAPONS:"
"AMS40O_CLEAN_NOM_nocounts.sav","S40O.Q28B.28","IF MORE OF ANY KIND OF DRILL OR INSTRUCTION IS NEEDED, JUST WHAT IS NEEDED? E. TRAINING WITH WEAPONS:"
"AMS40O_CLEAN_NOM_nocounts.sav","S40O.Q28B.29","IF MORE OF ANY KIND OF DRILL OR INSTRUCTION IS NEEDED, JUST WHAT IS NEEDED? E. TRAINING WITH WEAPONS:"
"AMS40O_CLEAN_NOM_nocounts.sav","S40O.Q28B.30","IF MORE OF ANY KIND OF DRILL OR INSTRUCTION IS NEEDED, JUST WHAT IS NEEDED? E. SPECIAL TECHNICAL INSTRUCTION:"
"AMS40O_CLEAN_NOM_nocounts.sav","S40O.Q28B.31","IF MORE OF ANY KIND OF DRILL OR INSTRUCTION IS NEEDED, JUST WHAT IS NEEDED? E. SPECIAL TECHNICAL INSTRUCTION:"
"AMS40O_CLEAN_NOM_nocounts.sav","S40O.Q28B.32","IF MORE OF ANY KIND OF DRILL OR INSTRUCTION IS NEEDED, JUST WHAT IS NEEDED? E. SPECIAL TECHNICAL INSTRUCTION:"
"AMS40O_CLEAN_NOM_nocounts.sav","S40O.Q28B.33","IF MORE OF ANY KIND OF DRILL OR INSTRUCTION IS NEEDED, JUST WHAT IS NEEDED? E. SPECIAL TECHNICAL INSTRUCTION:"
"AMS40O_CLEAN_NOM_nocounts.sav","S40O.Q28B.34","IF MORE OF ANY KIND OF DRILL OR INSTRUCTION IS NEEDED, JUST WHAT IS NEEDED? E. SPECIAL TECHNICAL INSTRUCTION:"
"AMS40O_CLEAN_NOM_nocounts.sav","S40O.Q28B.35","IF MORE OF ANY KIND OF DRILL OR INSTRUCTION IS NEEDED, JUST WHAT IS NEEDED? E. SPECIAL TECHNICAL INSTRUCTION:"
"AMS40O_CLEAN_NOM_nocounts.sav","S40O.Q28B.36","IF MORE OF ANY KIND OF DRILL OR INSTRUCTION IS NEEDED, JUST WHAT IS NEEDED? E. SPECIAL TECHNICAL INSTRUCTION:"
"AMS40O_CLEAN_NOM_nocounts.sav","S40O.Q28B.37","IF MORE OF ANY KIND OF DRILL OR INSTRUCTION IS NEEDED, JUST WHAT IS NEEDED? E. SPECIAL TECHNICAL INSTRUCTION:"
"AMS40O_CLEAN_NOM_nocounts.sav","S40O.Q28B.38","IF MORE OF ANY KIND OF DRILL OR INSTRUCTION IS NEEDED, JUST WHAT IS NEEDED? E. SPECIAL TECHNICAL INSTRUCTION:"
"AMS40O_CLEAN_NOM_nocounts.sav","S40O.Q28B.39","IF MORE OF ANY KIND OF DRILL OR INSTRUCTION IS NEEDED, JUST WHAT IS NEEDED? E. PERSONAL CARE:"
"AMS40O_CLEAN_NOM_nocounts.sav","S40O.Q28B.40","IF MORE OF ANY KIND OF DRILL OR INSTRUCTION IS NEEDED, JUST WHAT IS NEEDED? E. PERSONAL CARE:"
"AMS40O_CLEAN_NOM_nocounts.sav","S40O.Q28B.41","IF MORE OF ANY KIND OF DRILL OR INSTRUCTION IS NEEDED, JUST WHAT IS NEEDED? E. PERSONAL CARE:"
"AMS40O_CLEAN_NOM_nocounts.sav","S40O.Q28B.42","IF MORE OF ANY KIND OF DRILL OR INSTRUCTION IS NEEDED, JUST WHAT IS NEEDED? E. PERSONAL CARE:"
"AMS40O_CLEAN_NOM_nocounts.sav","S40O.Q28B.43","IF MORE OF ANY KIND OF DRILL OR INSTRUCTION IS NEEDED, JUST WHAT IS NEEDED? E. OTHER - MISCELLANEOUS:"
"AMS40O_CLEAN_NOM_nocounts.sav","S40O.Q28B.44","IF MORE OF ANY KIND OF DRILL OR INSTRUCTION IS NEEDED, JUST WHAT IS NEEDED? E. OTHER - MISCELLANEOUS:"
"AMS40O_CLEAN_NOM_nocounts.sav","S40O.Q28B.45","IF MORE OF ANY KIND OF DRILL OR INSTRUCTION IS NEEDED, JUST WHAT IS NEEDED? E. OTHER - MISCELLANEOUS:"
"AMS40O_CLEAN_NOM_nocounts.sav","S40O.Q28B.46","IF MORE OF ANY KIND OF DRILL OR INSTRUCTION IS NEEDED, JUST WHAT IS NEEDED? E. OTHER - MISCELLANEOUS:"
"AMS40O_CLEAN_NOM_nocounts.sav","S40O.Q29B.11","IF SOME OF THE DRILL OR INSTRUCTION NOW GIVEN IS NOT NEEDED, JUST WHAT IS NOT NEEDED? E. OBJECTION IS TO THE WAY DRILL OR INSTRUCTION IS GIVEN OR PLANNED:"
"AMS40O_CLEAN_NOM_nocounts.sav","S40O.Q29B.12","IF SOME OF THE DRILL OR INSTRUCTION NOW GIVEN IS NOT NEEDED, JUST WHAT IS NOT NEEDED? E. OBJECTION IS TO THE WAY DRILL OR INSTRUCTION IS GIVEN OR PLANNED:"
"AMS40O_CLEAN_NOM_nocounts.sav","S40O.Q29B.13","IF SOME OF THE DRILL OR INSTRUCTION NOW GIVEN IS NOT NEEDED, JUST WHAT IS NOT NEEDED? E. OBJECTION IS TO THE WAY DRILL OR INSTRUCTION IS GIVEN OR PLANNED:"
"AMS40O_CLEAN_NOM_nocounts.sav","S40O.Q29B.14","IF SOME OF THE DRILL OR INSTRUCTION NOW GIVEN IS NOT NEEDED, JUST WHAT IS NOT NEEDED? E. OBJECTION IS TO THE WAY DRILL OR INSTRUCTION IS GIVEN OR PLANNED:"
"AMS40O_CLEAN_NOM_nocounts.sav","S40O.Q29B.15","IF SOME OF THE DRILL OR INSTRUCTION NOW GIVEN IS NOT NEEDED, JUST WHAT IS NOT NEEDED? E. OBJECTION IS TO THE WAY DRILL OR INSTRUCTION IS GIVEN OR PLANNED:"
"AMS40O_CLEAN_NOM_nocounts.sav","S40O.Q29B.16","IF SOME OF THE DRILL OR INSTRUCTION NOW GIVEN IS NOT NEEDED, JUST WHAT IS NOT NEEDED? E. OBJECTION IS TO THE WAY DRILL OR INSTRUCTION IS GIVEN OR PLANNED:"
"AMS40O_CLEAN_NOM_nocounts.sav","S40O.Q29B.17","IF SOME OF THE DRILL OR INSTRUCTION NOW GIVEN IS NOT NEEDED, JUST WHAT IS NOT NEEDED? E. OBJECTION IS TO THE WAY DRILL OR INSTRUCTION IS GIVEN OR PLANNED:"
"AMS40O_CLEAN_NOM_nocounts.sav","S40O.Q29B.18","IF SOME OF THE DRILL OR INSTRUCTION NOW GIVEN IS NOT NEEDED, JUST WHAT IS NOT NEEDED? E. OBJECTION IS TO THE WAY DRILL OR INSTRUCTION IS GIVEN OR PLANNED:"
"AMS40O_CLEAN_NOM_nocounts.sav","S40O.Q29B.19","IF SOME OF THE DRILL OR INSTRUCTION NOW GIVEN IS NOT NEEDED, JUST WHAT IS NOT NEEDED? E. OBJECTION IS TO THE WAY DRILL OR INSTRUCTION IS GIVEN OR PLANNED:"
"AMS40O_CLEAN_NOM_nocounts.sav","S40O.Q29B.20","IF SOME OF THE DRILL OR INSTRUCTION NOW GIVEN IS NOT NEEDED, JUST WHAT IS NOT NEEDED? E. OBJECTION IS TO THE WAY DRILL OR INSTRUCTION IS GIVEN OR PLANNED:"
"AMS40O_CLEAN_NOM_nocounts.sav","S40O.Q54B.7","E. BRITISH IMPERIALISM:"
"AMS40O_CLEAN_NOM_nocounts.sav","S40O.Q54B.8","E. BRITISH IMPERIALISM:"
"AMS40O_CLEAN_NOM_nocounts.sav","S40O.Q54B.9","E. BRITISH IMPERIALISM:"
"AMS40O_CLEAN_NOM_nocounts.sav","S40O.Q54B.10","E. CHARACTER OF THE BRITISH:"
"AMS40O_CLEAN_NOM_nocounts.sav","S40O.Q54B.11","E. CHARACTER OF THE BRITISH:"
"AMS40O_CLEAN_NOM_nocounts.sav","S40O.Q54B.12","E. CHARACTER OF THE BRITISH:"
"AMS40O_CLEAN_NOM_nocounts.sav","S40O.Q54B.13","E. FAILURE TO MAKE SUITABLE PEACE TERMS:"
"AMS40O_CLEAN_NOM_nocounts.sav","S40O.Q54B.14","E. FAILURE TO MAKE SUITABLE PEACE TERMS:"
"AMS40O_CLEAN_NOM_nocounts.sav","S40O.Q54B.15","E. FAILURE TO MAKE SUITABLE PEACE TERMS:"
"AMS40O_CLEAN_NOM_nocounts.sav","S40O.Q54B.16","E. FAILURE TO MAKE SUITABLE PEACE TERMS:"
"AMS40O_CLEAN_NOM_nocounts.sav","S40O.Q54B.17","E. HISTORICAL REASONS:"
"AMS40O_CLEAN_NOM_nocounts.sav","S40O.Q54B.18","E. HISTORICAL REASONS:"
"AMS40O_CLEAN_NOM_nocounts.sav","S40O.Q54B.19","E. MISCELLANEOUS:"
"AMS40O_CLEAN_NOM_nocounts.sav","S40O.Q54B.20","E. MISCELLANEOUS:"
"AMS40O_CLEAN_NOM_nocounts.sav","S40O.Q54B.21","E. MISCELLANEOUS:"
"AMS40O_CLEAN_NOM_nocounts.sav","S40O.Q55B.6","E. RUSSIAN AMBITION TO SPREAD COMMUNISM AND DOMINATE OTHER COUNTRIES:"
"AMS40O_CLEAN_NOM_nocounts.sav","S40O.Q55B.7","E. RUSSIAN AMBITION TO SPREAD COMMUNISM AND DOMINATE OTHER COUNTRIES:"
"AMS40O_CLEAN_NOM_nocounts.sav","S40O.Q55B.8","E. RUSSIAN AMBITION TO SPREAD COMMUNISM AND DOMINATE OTHER COUNTRIES:"
"AMS40O_CLEAN_NOM_nocounts.sav","S40O.Q55B.9","E. RUSSIAN AMBITION TO SPREAD COMMUNISM AND DOMINATE OTHER COUNTRIES:"
"AMS40O_CLEAN_NOM_nocounts.sav","S40O.Q55B.10","E. RUSSIAN AMBITION TO SPREAD COMMUNISM AND DOMINATE OTHER COUNTRIES:"
"AMS40O_CLEAN_NOM_nocounts.sav","S40O.Q55B.11","E. RUSSIAN AMBITION TO SPREAD COMMUNISM AND DOMINATE OTHER COUNTRIES:"
"AMS40O_CLEAN_NOM_nocounts.sav","S40O.Q55B.12","E. UNFRIENDLINESS AND SUSPICION BETWEEN RUSSIA AND ALLIES:"
"AMS40O_CLEAN_NOM_nocounts.sav","S40O.Q55B.13","E. UNFRIENDLINESS AND SUSPICION BETWEEN RUSSIA AND ALLIES:"
"AMS40O_CLEAN_NOM_nocounts.sav","S40O.Q55B.14","E. UNFRIENDLINESS AND SUSPICION BETWEEN RUSSIA AND ALLIES:"
"AMS40O_CLEAN_NOM_nocounts.sav","S40O.Q55B.15","E. UNFRIENDLINESS AND SUSPICION BETWEEN RUSSIA AND ALLIES:"
"AMS40O_CLEAN_NOM_nocounts.sav","S40O.Q55B.16","E. FAILURE TO MAKE SUITABLE PEACE TERMS:"
"AMS40O_CLEAN_NOM_nocounts.sav","S40O.Q55B.17","E. FAILURE TO MAKE SUITABLE PEACE TERMS:"
"AMS40O_CLEAN_NOM_nocounts.sav","S40O.Q55B.18","E. FAILURE TO MAKE SUITABLE PEACE TERMS:"
"AMS40O_CLEAN_NOM_nocounts.sav","S40O.Q55B.19","E. MISCELLANEOUS:"
"AMS40O_CLEAN_NOM_nocounts.sav","S40O.Q55B.20","E. MISCELLANEOUS:"
"AMS40O_CLEAN_NOM_nocounts.sav","S40O.Q55B.21","E. MISCELLANEOUS:"
"AMS40O_CLEAN_NOM_nocounts.sav","S40O.Q55B.22","E. MISCELLANEOUS:"
"AMS44I_CLEAN_NOM_nocounts.sav","S44I.Q20A.10","WHY WOULD YOU CHOOSE THIS BRANCH? E. ALTRUISTIC MOTIVATION:"
"AMS44I_CLEAN_NOM_nocounts.sav","S44I.Q20A.11","WHY WOULD YOU CHOOSE THIS BRANCH? E. ALTRUISTIC MOTIVATION:"
"AMS44I_CLEAN_NOM_nocounts.sav","S44I.Q20A.12","WHY WOULD YOU CHOOSE THIS BRANCH? E. ALTRUISTIC MOTIVATION:"
"AMS44I_CLEAN_NOM_nocounts.sav","S44I.Q20A.13","WHY WOULD YOU CHOOSE THIS BRANCH? E. OTHER MOTIVATION:"
"AMS44I_CLEAN_NOM_nocounts.sav","S44I.Q20A.14","WHY WOULD YOU CHOOSE THIS BRANCH? E. OTHER MOTIVATION:"
"AMS44I_CLEAN_NOM_nocounts.sav","S44I.Q20A.15","WHY WOULD YOU CHOOSE THIS BRANCH? E. OTHER MOTIVATION:"
"AMS44I_CLEAN_NOM_nocounts.sav","S44I.Q20A.16","WHY WOULD YOU CHOOSE THIS BRANCH? E. GENERAL:"
"AMS44I_CLEAN_NOM_nocounts.sav","S44I.Q20A.17","WHY WOULD YOU CHOOSE THIS BRANCH? E. GENERAL:"
"AMS44I_CLEAN_NOM_nocounts.sav","S44I.Q20A.18","WHY WOULD YOU CHOOSE THIS BRANCH? E. GENERAL:"
"AMS44I_CLEAN_NOM_nocounts.sav","S44I.Q50A.8","WHY DO YOU LIKE THIS BRANCH THE LEAST? E. UNDESIRABLE PERSONNEL:"
"AMS44I_CLEAN_NOM_nocounts.sav","S44I.Q50A.9","WHY DO YOU LIKE THIS BRANCH THE LEAST? E. UNDESIRABLE PERSONNEL:"
"AMS44I_CLEAN_NOM_nocounts.sav","S44I.Q50A.10","WHY DO YOU LIKE THIS BRANCH THE LEAST? E. UNDESIRABLE PERSONNEL:"
"AMS44I_CLEAN_NOM_nocounts.sav","S44I.Q50A.11","WHY DO YOU LIKE THIS BRANCH THE LEAST? E. UNDESIRABLE PERSONNEL:"
"AMS44I_CLEAN_NOM_nocounts.sav","S44I.Q50A.12","WHY DO YOU LIKE THIS BRANCH THE LEAST? E. UNDESIRABLE PERSONNEL:"
"AMS44I_CLEAN_NOM_nocounts.sav","S44I.Q50A.13","WHY DO YOU LIKE THIS BRANCH THE LEAST? E. OTHER:"
"AMS44I_CLEAN_NOM_nocounts.sav","S44I.Q50A.14","WHY DO YOU LIKE THIS BRANCH THE LEAST? E. OTHER:"
"AMS44I_CLEAN_NOM_nocounts.sav","S44I.Q50A.15","WHY DO YOU LIKE THIS BRANCH THE LEAST? E. OTHER:"
"AMS44I_CLEAN_NOM_nocounts.sav","S44I.Q50A.16","WHY DO YOU LIKE THIS BRANCH THE LEAST? E. OTHER:"
"AMS44I_CLEAN_NOM_nocounts.sav","S44I.Q50A.17","WHY DO YOU LIKE THIS BRANCH THE LEAST? E. OTHER:"
"AMS44I_CLEAN_NOM_nocounts.sav","S44I.Q50A.18","WHY DO YOU LIKE THIS BRANCH THE LEAST? E. OTHER:"
"AMS44I_CLEAN_NOM_nocounts.sav","S44I.Q50A.19","WHY DO YOU LIKE THIS BRANCH THE LEAST? E. GENERAL:"
"AMS44I_CLEAN_NOM_nocounts.sav","S44I.Q50A.20","WHY DO YOU LIKE THIS BRANCH THE LEAST? E. GENERAL:"
"AMS44I_CLEAN_NOM_nocounts.sav","S44I.Q50A.21","WHY DO YOU LIKE THIS BRANCH THE LEAST? E. GENERAL:"
"AMS44I_CLEAN_NOM_nocounts.sav","S44I.Q50A.22","WHY DO YOU LIKE THIS BRANCH THE LEAST? E. GENERAL:"
"AMS44I_CLEAN_NOM_nocounts.sav","S44I.Q50A.23","WHY DO YOU LIKE THIS BRANCH THE LEAST? E. GENERAL:"
"AMS44I_CLEAN_NOM_nocounts.sav","S44I.Q50A.24","WHY DO YOU LIKE THIS BRANCH THE LEAST? E. GENERAL:"
"AMS44X_CLEAN_NOM_nocounts.sav","S44X.Q49A.1"," WHY DO YOU THINK MOST HIGHLY OF THIS BRANCH? E. GENERAL:"
"AMS44X_CLEAN_NOM_nocounts.sav","S44X.Q49A.2","WHY DO YOU THINK MOST HIGHLY OF THIS BRANCH? E. GENERAL:"
"AMS44X_CLEAN_NOM_nocounts.sav","S44X.Q49A.3","WHY DO YOU THINK MOST HIGHLY OF THIS BRANCH? E. GENERAL:"
"AMS44X_CLEAN_NOM_nocounts.sav","S44X.Q49A.4","WHY DO YOU THINK MOST HIGHLY OF THIS BRANCH? E. GENERAL:"
"AMS44X_CLEAN_NOM_nocounts.sav","S44X.Q49A.5","WHY DO YOU THINK MOST HIGHLY OF THIS BRANCH? E. GENERAL:"
"AMS44X_CLEAN_NOM_nocounts.sav","S44X.Q49A.6","WHY DO YOU THINK MOST HIGHLY OF THIS BRANCH? E. GENERAL:"
"AMS44X_CLEAN_NOM_nocounts.sav","S44X.Q49A.7","WHY DO YOU THINK MOST HIGHLY OF THIS BRANCH? E. GENERAL:"
"AMS44X_CLEAN_NOM_nocounts.sav","S44X.Q49A.8","WHY DO YOU THINK MOST HIGHLY OF THIS BRANCH? E. GENERAL:"
"AMS44X_CLEAN_NOM_nocounts.sav","S44X.Q49A.9","WHY DO YOU THINK MOST HIGHLY OF THIS BRANCH? E. GENERAL:"
"AMS44X_CLEAN_NOM_nocounts.sav","S44X.Q49A.10","WHY DO YOU THINK MOST HIGHLY OF THIS BRANCH? E. GENERAL:"
"AMS44X_CLEAN_NOM_nocounts.sav","S44X.Q50A.1"," WHY DO YOU LIKE THIS BRANCH THE LEAST? E. GENERAL:"
"AMS44X_CLEAN_NOM_nocounts.sav","S44X.Q50A.2","WHY DO YOU LIKE THIS BRANCH THE LEAST? E. GENERAL:"
"AMS44X_CLEAN_NOM_nocounts.sav","S44X.Q50A.3","WHY DO YOU LIKE THIS BRANCH THE LEAST? E. GENERAL:"
"AMS44X_CLEAN_NOM_nocounts.sav","S44X.Q50A.4","WHY DO YOU LIKE THIS BRANCH THE LEAST? E. GENERAL:"
"AMS44X_CLEAN_NOM_nocounts.sav","S44X.Q50A.5","WHY DO YOU LIKE THIS BRANCH THE LEAST? E. GENERAL:"
"AMS44X_CLEAN_NOM_nocounts.sav","S44X.Q50A.6","WHY DO YOU LIKE THIS BRANCH THE LEAST? E. GENERAL:"
"AMS44X_CLEAN_NOM_nocounts.sav","S44X.Q50A.7","WHY DO YOU LIKE THIS BRANCH THE LEAST? E. GENERAL:"
"AMS44X_CLEAN_NOM_nocounts.sav","S44X.Q50A.8","WHY DO YOU LIKE THIS BRANCH THE LEAST? E. GENERAL:"
"AMS44X_CLEAN_NOM_nocounts.sav","S44X.Q50A.9","WHY DO YOU LIKE THIS BRANCH THE LEAST? E. GENERAL:"
"AMS44X_CLEAN_NOM_nocounts.sav","S44X.Q50A.10","WHY DO YOU LIKE THIS BRANCH THE LEAST? E. GENERAL:"
"AMS44X_CLEAN_NOM_nocounts.sav","S44X.Q50A.11","WHY DO YOU LIKE THIS BRANCH THE LEAST? E. GENERAL:"
"AMS44X_CLEAN_NOM_nocounts.sav","S44X.Q50A.12","WHY DO YOU LIKE THIS BRANCH THE LEAST? E. GENERAL:"
"AMS44X_CLEAN_NOM_nocounts.sav","S44X.Q50A.13","WHY DO YOU LIKE THIS BRANCH THE LEAST? E. GENERAL:"
"AMS44X_CLEAN_NOM_nocounts.sav","S44X.Q50A.14","WHY DO YOU LIKE THIS BRANCH THE LEAST? E. GENERAL:"
"AMS44X_CLEAN_NOM_nocounts.sav","S44X.Q50A.15","WHY DO YOU LIKE THIS BRANCH THE LEAST? E. GENERAL:"
"AMS44X_CLEAN_NOM_nocounts.sav","S44X.Q50A.16","WHY DO YOU LIKE THIS BRANCH THE LEAST? E. GENERAL:"
"AMS44X_CLEAN_NOM_nocounts.sav","S44X.Q50A.8","WHY DO YOU LIKE THIS BRANCH THE LEAST? E. UNDESIRABLE PERSONNEL:"
"AMS44X_CLEAN_NOM_nocounts.sav","S44X.Q50A.9","WHY DO YOU LIKE THIS BRANCH THE LEAST? E. UNDESIRABLE PERSONNEL:"
"AMS44X_CLEAN_NOM_nocounts.sav","S44X.Q50A.10","WHY DO YOU LIKE THIS BRANCH THE LEAST? E. UNDESIRABLE PERSONNEL:"
"AMS44X_CLEAN_NOM_nocounts.sav","S44X.Q50A.11","WHY DO YOU LIKE THIS BRANCH THE LEAST? E. UNDESIRABLE PERSONNEL:"
"AMS44X_CLEAN_NOM_nocounts.sav","S44X.Q50A.12","WHY DO YOU LIKE THIS BRANCH THE LEAST? E. UNDESIRABLE PERSONNEL:"
"AMS44X_CLEAN_NOM_nocounts.sav","S44X.Q50A.13","WHY DO YOU LIKE THIS BRANCH THE LEAST? E. UNDESIRABLE PERSONNEL:"
"AMS44X_CLEAN_NOM_nocounts.sav","S44X.Q50A.14","WHY DO YOU LIKE THIS BRANCH THE LEAST? E. UNDESIRABLE PERSONNEL:"
"AMS44X_CLEAN_NOM_nocounts.sav","S44X.Q50A.15","WHY DO YOU LIKE THIS BRANCH THE LEAST? E. UNDESIRABLE PERSONNEL:"
"AMS44X_CLEAN_NOM_nocounts.sav","S44X.Q50A.16","WHY DO YOU LIKE THIS BRANCH THE LEAST? E. UNDESIRABLE PERSONNEL:"
"AMS77A_CLEAN_NOM_nocounts.sav","S77A.Q4.2","IN WHAT STATE OF THE UNITED STATES DID YOU SPEND MOST OF THE LAST FIVE YEARS OF YOUR CIVILIAN LIFE BEFORE YOU CAME INTO THE ARMY? E. SECOND COLUMN:"
"AMS77A_CLEAN_NOM_nocounts.sav","S77A.Q9.1"," HOW LONG HAVE YOU BEEN IN THE ARMY? E. SECOND COLUMN:"
"AMS77B_CLEAN_NOM_nocounts.sav","S77B.Q4.2","IN WHAT STATE OF THE UNITED STATES DID YOU SPEND MOST OF THE LAST FIVE YEARS OF YOUR CIVILIAN LIFE BEFORE YOU CAME INTO THE ARMY? E. SECOND COLUMN:"
"AMS77B_CLEAN_NOM_nocounts.sav","S77B.Q9.1"," HOW LONG HAVE YOU BEEN IN THE ARMY? E. SECOND COLUMN:"
"AMS77B_CLEAN_NOM_nocounts.sav","S77B.Q26B.1"," WHAT IS THE REASON FOR YOUR ANSWER? E. SECOND COLUMN:"
"AMS77B_CLEAN_NOM_nocounts.sav","S77B.Q26B.2","WHAT IS THE REASON FOR YOUR ANSWER? E. SECOND COLUMN:"
"AMS77B_CLEAN_NOM_nocounts.sav","S77B.Q26B.3","WHAT IS THE REASON FOR YOUR ANSWER? E. SECOND COLUMN:"
"AMS77B_CLEAN_NOM_nocounts.sav","S77B.Q26B.2","WHAT IS THE REASON FOR YOUR ANSWER? E. IF QUESTION 26A IS ANSWERED NO:"
"AMS77B_CLEAN_NOM_nocounts.sav","S77B.Q26B.3","WHAT IS THE REASON FOR YOUR ANSWER? E. IF QUESTION 26A IS ANSWERED UNDECIDED:"
"AMS100B_CLEAN_NOM_nocounts.sav","S100B.Q4.2","S100BQ4. WHAT MONTH AND YEAR DID YOU JOIN THIS DIVISION? E. YEAR:"
"AMS100C_CLEAN_NOM_nocounts.sav","S100C.Q42.2","S100CQ42. WHAT MONTH AND YEAR DID YOU JOIN THIS DIVISION? E. YEAR:"
"AMS100D_CLEAN_NOM_nocounts.sav","S100D.Q4.2","S100DQ4. WHAT MONTH AND YEAR DID YOU JOIN THIS OUTFIT? E. YEAR:"
"AMS100E_CLEAN_NOM_nocounts.sav","S100E.Q4.2","S100EQ4. WHAT MONTH AND YEAR DID YOU JOIN THIS DIVISION? E. YEAR:"
"AMS100F_CLEAN_NOM_nocounts.sav","S100F.Q4.2","S100FQ4. WHAT MONTH AND YEAR DID YOU JOIN THIS OUTFIT? E. YEAR:"
"AMS100G_CLEAN_NOM_nocounts.sav","S100G.Q4.2","S100GQ4. WHAT MONTH AND YEAR DID YOU JOIN THIS DIVISION? E. YEAR:"
"AMS101B_CLEAN_NOM_nocounts.sav","S101B.Q5.2","S101BQ5. WHAT MONTH AND YEAR DID YOU JOIN THIS DIVISION? E. YEAR:"
"AMS101B_CLEAN_NOM_nocounts.sav","S101B.Q54A.1"," ""I WANT VERY MUCH TO GET INTO IT AS SOON AS POSSIBLE*"" E. OFFICERS, ESTIMATE: PERCENTAGE OF ENLISTED MEN WHO WOULD CHOOSE THIS STATEMENT AS THEIR ATTITUDE.  ANP (ACTUAL NUMBER PERCENTAGES)"
"AMS101B_CLEAN_NOM_nocounts.sav","S101B.Q54B.1"," ""I AM READY TO GO ANYTIME*"" E. OFFICERS, ESTIMATE: PERCENTAGE OF ENLISTED MEN WHO WOULD CHOOSE THIS STATEMENT AS THEIR ATTITUDE.  ANP (ACTUAL NUMBER PERCENTAGES)"
"AMS101B_CLEAN_NOM_nocounts.sav","S101B.Q54C.1"," ""I HOPE I WON'T HAVE TO GO BUT IF I DO I THINK I WILL DO ALL RIGHT*"" E. OFFICERS, ESTIMATE: PERCENTAGE OF ENLISTED MEN WHO WOULD CHOOSE THIS STATEMENT AS THEIR ATTITUDE.  ANP (ACTUAL NUMBER PERCENTAGES)"
"AMS101B_CLEAN_NOM_nocounts.sav","S101B.Q54D.1"," ""I HOPE I WON'T HAVE TO GO BECAUSE I DON'T THINK I WOULD DO VERY WELL*"" E. OFFICERS, ESTIMATE: PERCENTAGE OF ENLISTED MEN WHO WOULD CHOOSE THIS STATEMENT AS THEIR ATTITUDE.  ANP (ACTUAL NUMBER PERCENTAGES)"
"AMS101B_CLEAN_NOM_nocounts.sav","S101B.Q54E.1"," NONE OF THE ABOVE FITS (ENLISTED MAN WOULD WRITE IN HIS OWN STATEMENT) E. OFFICERS, ESTIMATE: PERCENTAGE OF ENLISTED MEN WHO WOULD CHOOSE THIS STATEMENT AS THEIR ATTITUDE.  ANP (ACTUAL NUMBER PERCENTAGES)"
"AMS101C_CLEAN_NOM_nocounts.sav","S101C.Q5.2","S101CQ5. WHAT MONTH AND YEAR DID YOU JOIN THIS DIVISION? E. YEAR:"
"AMS101C_CLEAN_NOM_nocounts.sav","S101C.Q54A.1"," ""I WANT VERY MUCH TO GET INTO IT AS SOON AS POSSIBLE*"" E. OFFICERS, ESTIMATE: PERCENTAGE OF ENLISTED MEN WHO WOULD CHOOSE THIS STATEMENT AS THEIR ATTITUDE.  ANP (ACTUAL NUMBER PERCENTAGES)"
"AMS101C_CLEAN_NOM_nocounts.sav","S101C.Q54B.1"," ""I AM READY TO GO ANYTIME*"" E. OFFICERS, ESTIMATE: PERCENTAGE OF ENLISTED MEN WHO WOULD CHOOSE THIS STATEMENT AS THEIR ATTITUDE.  ANP (ACTUAL NUMBER PERCENTAGES)"
"AMS101C_CLEAN_NOM_nocounts.sav","S101C.Q54C.1"," ""I HOPE I WON'T HAVE TO GO BUT IF I DO I THINK I WILL DO ALL RIGHT*"" E. OFFICERS, ESTIMATE: PERCENTAGE OF ENLISTED MEN WHO WOULD CHOOSE THIS STATEMENT AS THEIR ATTITUDE.  ANP (ACTUAL NUMBER PERCENTAGES)"
"AMS101C_CLEAN_NOM_nocounts.sav","S101C.Q54D.1"," ""I HOPE I WON'T HAVE TO GO BECAUSE I DON'T THINK I WOULD DO VERY WELL*"" E. OFFICERS, ESTIMATE: PERCENTAGE OF ENLISTED MEN WHO WOULD CHOOSE THIS STATEMENT AS THEIR ATTITUDE.  ANP (ACTUAL NUMBER PERCENTAGES)"
"AMS101C_CLEAN_NOM_nocounts.sav","S101C.Q54E.1"," NONE OF THE ABOVE FIT (ENLISTED MAN WOULD WRITE IN HIS OWN STATEMENT) E. OFFICERS, ESTIMATE: PERCENTAGE OF ENLISTED MEN WHO WOULD CHOOSE THIS STATEMENT AS THEIR ATTITUDE.  ANP (ACTUAL NUMBER PERCENTAGES)"
"AMS101D_CLEAN_NOM_nocounts.sav","S101D.Q5.2","S101DQ5. WHAT MONTH AND YEAR DID YOU JOIN THIS OUTFIT? E. YEAR:"
"AMS101D_CLEAN_NOM_nocounts.sav","S101D.Q54A.1"," ""I WANT VERY MUCH TO GET INTO IT AS SOON AS POSSIBLE*"" E. OFFICERS, ESTIMATE: PERCENTAGE OF ENLISTED MEN WHO WOULD CHOOSE THIS STATEMENT AS THEIR ATTITUDE.  ANP (ACTUAL NUMBER PERCENTAGES)"
"AMS101D_CLEAN_NOM_nocounts.sav","S101D.Q54B.1"," ""I AM READY TO GO ANYTIME*"" E. OFFICERS, ESTIMATE: PERCENTAGE OF ENLISTED MEN WHO WOULD CHOOSE THIS STATEMENT AS THEIR ATTITUDE.  ANP (ACTUAL NUMBER PERCENTAGES)"
"AMS101D_CLEAN_NOM_nocounts.sav","S101D.Q54C.1"," ""I HOPE I WON'T HAVE TO GO BUT IF I DO I THINK I WILL DO ALL RIGHT*"" E. OFFICERS, ESTIMATE: PERCENTAGE OF ENLISTED MEN WHO WOULD CHOOSE THIS STATEMENT AS THEIR ATTITUDE.  ANP (ACTUAL NUMBER PERCENTAGES)"
"AMS101D_CLEAN_NOM_nocounts.sav","S101D.Q54D.1"," ""I HOPE I WON'T HAVE TO GO BECAUSE I DON'T THINK I WOULD DO VERY WELL*"" E. OFFICERS, ESTIMATE: PERCENTAGE OF ENLISTED MEN WHO WOULD CHOOSE THIS STATEMENT AS THEIR ATTITUDE.  ANP (ACTUAL NUMBER PERCENTAGES)"
"AMS101D_CLEAN_NOM_nocounts.sav","S101D.Q54E.1"," NONE OF THE ABOVE FITS (ENLISTED MAN WOULD WRITE IN HIS OWN STATEMENT) E. OFFICERS, ESTIMATE: PERCENTAGE OF ENLISTED MEN WHO WOULD CHOOSE THIS STATEMENT AS THEIR ATTITUDE.  ANP (ACTUAL NUMBER PERCENTAGES)"
"AMS101E_CLEAN_NOM_nocounts.sav","S101E.Q5.2","S101EQ5. WHAT MONTH AND YEAR DID YOU JOIN THIS DIVISION? E. YEAR:"
"AMS101E_CLEAN_NOM_nocounts.sav","S101E.Q54A.1"," ""I WANT VERY MUCH TO GET INTO IT AS SOON AS POSSIBLE*"" E. OFFICERS, ESTIMATE: PERCENTAGE OF ENLISTED MEN WHO WOULD CHOOSE THIS STATEMENT AS THEIR ATTITUDE.  ANP (ACTUAL NUMBER PERCENTAGES)"
"AMS101E_CLEAN_NOM_nocounts.sav","S101E.Q54B.1"," ""I AM READY TO GO ANYTIME*"" E. OFFICERS, ESTIMATE: PERCENTAGE OF ENLISTED MEN WHO WOULD CHOOSE THIS STATEMENT AS THEIR ATTITUDE.  ANP (ACTUAL NUMBER PERCENTAGES)"
"AMS101E_CLEAN_NOM_nocounts.sav","S101E.Q54C.1"," ""I HOPE I WON'T HAVE TO GO BUT IF I DO I THINK I WILL DO ALL RIGHT*"" E. OFFICERS, ESTIMATE: PERCENTAGE OF ENLISTED MEN WHO WOULD CHOOSE THIS STATEMENT AS THEIR ATTITUDE.  ANP (ACTUAL NUMBER PERCENTAGES)"
"AMS101E_CLEAN_NOM_nocounts.sav","S101E.Q54D.1"," ""I HOPE I WON'T HAVE TO GO BECAUSE I DON'T THINK I WOULD DO VERY WELL*"" E. OFFICERS, ESTIMATE: PERCENTAGE OF ENLISTED MEN WHO WOULD CHOOSE THIS STATEMENT AS THEIR ATTITUDE.  ANP (ACTUAL NUMBER PERCENTAGES)"
"AMS101E_CLEAN_NOM_nocounts.sav","S101E.Q54E.1"," NONE OF THE ABOVE FITS (ENLISTED MAN WOULD WRITE IN HIS OWN STATEMENT) E. OFFICERS, ESTIMATE: PERCENTAGE OF ENLISTED MEN WHO WOULD CHOOSE THIS STATEMENT AS THEIR ATTITUDE.  ANP (ACTUAL NUMBER PERCENTAGES)"
"AMS101F_CLEAN_NOM_nocounts.sav","S101F.Q5.2","S101FQ5. WHAT MONTH AND YEAR DID YOU JOIN THIS OUTFIT? E. YEAR:"
"AMS101F_CLEAN_NOM_nocounts.sav","S101F.Q54A.1"," ""I WANT VERY MUCH TO GET INTO IT AS SOON AS POSSIBLE*"" E. OFFICERS, ESTIMATE: PERCENTAGE OF ENLISTED MEN WHO WOULD CHOOSE THIS STATEMENT AS THEIR ATTITUDE.  ANP (ACTUAL NUMBER PERCENTAGES)"
"AMS101F_CLEAN_NOM_nocounts.sav","S101F.Q54B.1"," ""I AM READY TO GO ANYTIME*"" E. OFFICERS, ESTIMATE: PERCENTAGE OF ENLISTED MEN WHO WOULD CHOOSE THIS STATEMENT AS THEIR ATTITUDE.  ANP (ACTUAL NUMBER PERCENTAGES)"
"AMS101F_CLEAN_NOM_nocounts.sav","S101F.Q54C.1"," ""I HOPE I WON'T HAVE TO GO BUT IF I DO I THINK I WILL DO ALL RIGHT*"" E. OFFICERS, ESTIMATE: PERCENTAGE OF ENLISTED MEN WHO WOULD CHOOSE THIS STATEMENT AS THEIR ATTITUDE.  ANP (ACTUAL NUMBER PERCENTAGES)"
"AMS101F_CLEAN_NOM_nocounts.sav","S101F.Q54D.1"," ""I HOPE I WON'T HAVE TO GO BECAUSE I DON'T THINK I WOULD DO VERY WELL*"" E. OFFICERS, ESTIMATE: PERCENTAGE OF ENLISTED MEN WHO WOULD CHOOSE THIS STATEMENT AS THEIR ATTITUDE.  ANP (ACTUAL NUMBER PERCENTAGES)"
"AMS101F_CLEAN_NOM_nocounts.sav","S101F.Q54E.1"," NONE OF THE ABOVE FITS (ENLISTED MAN WOULD WRITE IN HIS OWN STATEMENT) E. OFFICERS, ESTIMATE: PERCENTAGE OF ENLISTED MEN WHO WOULD CHOOSE THIS STATEMENT AS THEIR ATTITUDE.  ANP (ACTUAL NUMBER PERCENTAGES)"
"AMS107O_CLEAN_NOM_nocounts.sav","S107O.Q7.2","S107OQ7. ABOUT HOW MUCH OF THIS TIME DID YOU SPEND IN ACTIVE SERVICE AT EACH GRADE? (DO NOT INCLUDE SERVICE THAT YOU MAY HAVE HAD IN THE NATIONAL GUARD, R.O.T.C. OR OTHER SUCH ORGANIZATIONS) E. SERVICE AT GRADE 1ST LIEUTENANT:"
"AMS107O_CLEAN_NOM_nocounts.sav","S107O.Q7.3","S107OQ7. ABOUT HOW MUCH OF THIS TIME DID YOU SPEND IN ACTIVE SERVICE AT EACH GRADE? (DO NOT INCLUDE SERVICE THAT YOU MAY HAVE HAD IN THE NATIONAL GUARD, R.O.T.C. OR OTHER SUCH ORGANIZATIONS) E. SERVICE AT GRADE 1ST LIEUTENANT:"
"AMS107O_CLEAN_NOM_nocounts.sav","S107O.Q8.1"," HAVE YOU EVER BEEN ASSIGNED TO AN OFFICER POOL? IF YES, WHAT POOL OR POOLS AND FOR HOW LONG? E. SERVICE AT GRADE 1ST LIEUTENANT:"
"AMS107O_CLEAN_NOM_nocounts.sav","S107O.Q8.2","S107OQ8. HAVE YOU EVER BEEN ASSIGNED TO AN OFFICER POOL? IF YES, WHAT POOL OR POOLS AND FOR HOW LONG? E. SERVICE AT GRADE 1ST LIEUTENANT:"
"AMS107O_CLEAN_NOM_nocounts.sav","S107O.Q9.1"," HAVE YOU EVER SERVED AS A COMMISSIONED OFFICER IN ANY BRANCH OF SERVICE OTHER THAN THE MILITARY POLICE? IF YES, WHAT BRANCH OR BRANCHES AND FOR HOW LONG? E. SERVICE AT GRADE 1ST LIEUTENANT:"
"AMS107O_CLEAN_NOM_nocounts.sav","S107O.Q9.2","S107OQ9. HAVE YOU EVER SERVED AS A COMMISSIONED OFFICER IN ANY BRANCH OF SERVICE OTHER THAN THE MILITARY POLICE? IF YES, WHAT BRANCH OR BRANCHES AND FOR HOW LONG? E. SERVICE AT GRADE 1ST LIEUTENANT:"
"AMS107O_CLEAN_NOM_nocounts.sav","S107O.Q10.1"," HAVE YOU EVER SERVED AS AN ENLISTED MAN? IF YES, WHAT BRANCH OR BRANCHES AND FOR HOW LONG? E. SERVICE AT GRADE 1ST LIEUTENANT:"
"AMS107O_CLEAN_NOM_nocounts.sav","S107O.Q10.2","S107OQ10. HAVE YOU EVER SERVED AS AN ENLISTED MAN? IF YES, WHAT BRANCH OR BRANCHES AND FOR HOW LONG? E. SERVICE AT GRADE 1ST LIEUTENANT:"
"AMS107O_CLEAN_NOM_nocounts.sav","S107O.Q18.1"," HOW LONG HAVE YOU BEEN IN THE ARMY? E. SERVICE AT GRADE 1ST LIEUTENANT:"
"AMS107O_CLEAN_NOM_nocounts.sav","S107O.Q21.1"," WHICH BRANCHES OF THE ARMY DO YOU LIKE THE LEAST? E. SERVICE AT GRADE 1ST LIEUTENANT:"
"AMS107O_CLEAN_NOM_nocounts.sav","S107O.Q21.2","S107OQ21. WHICH BRANCHES OF THE ARMY DO YOU LIKE THE LEAST? E. SERVICE AT GRADE 1ST LIEUTENANT:"
"AMS107O_CLEAN_NOM_nocounts.sav","S107O.Q8.2","S107OQ8. HAVE YOU EVER BEEN ASSIGNED TO AN OFFICER POOL? IF YES, WHAT POOL OR POOLS AND FOR HOW LONG? E. TOTAL TIME AT ALL POOLS:"
"AMS107O_CLEAN_NOM_nocounts.sav","S107O.Q9.1"," HAVE YOU EVER SERVED AS A COMMISSIONED OFFICER IN ANY BRANCH OF SERVICE OTHER THAN THE MILITARY POLICE? IF YES, WHAT BRANCH OR BRANCHES AND FOR HOW LONG? E. TOTAL TIME AT ALL POOLS:"
"AMS107O_CLEAN_NOM_nocounts.sav","S107O.Q9.2","S107OQ9. HAVE YOU EVER SERVED AS A COMMISSIONED OFFICER IN ANY BRANCH OF SERVICE OTHER THAN THE MILITARY POLICE? IF YES, WHAT BRANCH OR BRANCHES AND FOR HOW LONG? E. TOTAL TIME AT ALL POOLS:"
"AMS107O_CLEAN_NOM_nocounts.sav","S107O.Q10.1"," HAVE YOU EVER SERVED AS AN ENLISTED MAN? IF YES, WHAT BRANCH OR BRANCHES AND FOR HOW LONG? E. TOTAL TIME AT ALL POOLS:"
"AMS107O_CLEAN_NOM_nocounts.sav","S107O.Q10.2","S107OQ10. HAVE YOU EVER SERVED AS AN ENLISTED MAN? IF YES, WHAT BRANCH OR BRANCHES AND FOR HOW LONG? E. TOTAL TIME AT ALL POOLS:"
"AMS107O_CLEAN_NOM_nocounts.sav","S107O.Q18.1"," HOW LONG HAVE YOU BEEN IN THE ARMY? E. TOTAL TIME AT ALL POOLS:"
"AMS107O_CLEAN_NOM_nocounts.sav","S107O.Q21.1"," WHICH BRANCHES OF THE ARMY DO YOU LIKE THE LEAST? E. TOTAL TIME AT ALL POOLS:"
"AMS107O_CLEAN_NOM_nocounts.sav","S107O.Q21.2","S107OQ21. WHICH BRANCHES OF THE ARMY DO YOU LIKE THE LEAST? E. TOTAL TIME AT ALL POOLS:"
"AMS107O_CLEAN_NOM_nocounts.sav","S107O.Q9.2","S107OQ9. HAVE YOU EVER SERVED AS A COMMISSIONED OFFICER IN ANY BRANCH OF SERVICE OTHER THAN THE MILITARY POLICE? IF YES, WHAT BRANCH OR BRANCHES AND FOR HOW LONG? E. LENGTH OF TIME SERVED:"
"AMS107O_CLEAN_NOM_nocounts.sav","S107O.Q10.1"," HAVE YOU EVER SERVED AS AN ENLISTED MAN? IF YES, WHAT BRANCH OR BRANCHES AND FOR HOW LONG? E. LENGTH OF TIME SERVED:"
"AMS107O_CLEAN_NOM_nocounts.sav","S107O.Q10.2","S107OQ10. HAVE YOU EVER SERVED AS AN ENLISTED MAN? IF YES, WHAT BRANCH OR BRANCHES AND FOR HOW LONG? E. LENGTH OF TIME SERVED:"
"AMS107O_CLEAN_NOM_nocounts.sav","S107O.Q18.1"," HOW LONG HAVE YOU BEEN IN THE ARMY? E. LENGTH OF TIME SERVED:"
"AMS107O_CLEAN_NOM_nocounts.sav","S107O.Q21.1"," WHICH BRANCHES OF THE ARMY DO YOU LIKE THE LEAST? E. LENGTH OF TIME SERVED:"
"AMS107O_CLEAN_NOM_nocounts.sav","S107O.Q21.2","S107OQ21. WHICH BRANCHES OF THE ARMY DO YOU LIKE THE LEAST? E. LENGTH OF TIME SERVED:"
"AMS107O_CLEAN_NOM_nocounts.sav","S107O.Q21.2","S107OQ21. WHICH BRANCHES OF THE ARMY DO YOU LIKE THE LEAST? E. BRANCH LIKED NEXT TO THE LEAST:"
"AMS115A_CLEAN_NOM_nocounts.sav","S115A.Q56.2","S115AQ56. SOME OUTFITS ARE PRETTY SNAPPY AND SOME ARE NOT SO SNAPPY. NOW THINK ABOUT YOUR OWN OUTFIT ALONG THESE LINES, AND THEN CHECK THE STATEMENTS BELOW THAT COME CLOSEST TO WHAT YOU THINK ABOUT YOUR OWN OUTFIT. E. PARADES AND CEREMONIES:"
"AMS115A_CLEAN_NOM_nocounts.sav","S115A.Q56.3","S115AQ56. SOME OUTFITS ARE PRETTY SNAPPY AND SOME ARE NOT SO SNAPPY. NOW THINK ABOUT YOUR OWN OUTFIT ALONG THESE LINES, AND THEN CHECK THE STATEMENTS BELOW THAT COME CLOSEST TO WHAT YOU THINK ABOUT YOUR OWN OUTFIT. E. ORDERS:"
"AMS135A_CLEAN_NOM_nocounts.sav","S135A.Q22A.2","S135AQ22A. SINCE YOU HAVE BEEN FLYING COMBAT MISSIONS, HOW MANY FURLOUGHS, LEAVES, AND PASSES (FOR 24 HOURS OR MORE) HAVE YOU HAD? E. FURLOUGHS:"
"AMS157E_CLEAN_NOM_nocounts.sav","S157E.Q28B.2","S157EQ28B. WHAT ARE THE REASONS FOR YOUR ANSWER? E. TYPE A (CODES ""1"", ""2"", ""3"", ""5"" OR ""6"" CHECKED Q.28A):"
"AMS157E_CLEAN_NOM_nocounts.sav","S157E.Q31B.2","S157EQ31B. WHAT ARE THE REASONS FOR YOUR ANSWER? E. TYPE A (CODES ""1"", ""2"", ""3"", ""5"" OR ""6"" CHECKED Q.31A):"
"AMS157O_CLEAN_NOM_nocounts.sav","S157O.Q24B.2","S157OQ24B. WHAT ARE THE REASONS FOR YOUR ANSWER? E. TYPE A (CODES ""1"", ""2"", ""3"", ""5"" OR ""6"" CHECKED Q.24A):"
"AMS157O_CLEAN_NOM_nocounts.sav","S157O.Q27B.2","S157OQ27B. WHAT ARE THE REASONS FOR YOUR ANSWER? E. TYPE A (CODES ""1"", ""2"" OR ""3"" CHECKED IN Q.27A):"
"AMS186B_CLEAN_NOM_nocounts.sav","S186B.Q48B.2","S186BQ48B. WHAT ARE THE REASONS FOR YOUR ANSWER? E. TYPE A (CODES 1, 2 OR 3 CHECKED IN 48A):"
